State,County,Violent_crime,MNNM,Rape1,Robbery,"Aggravated
assault","Property
crime",Burglary,"Larceny-
theft","Motor
vehicle
theft",Arson2
ALABAMA3,,,,,,,,,,,
Arizona,Cochise,47,0,1,3,43,531,195,273,63,5
Arizona,Coconino,127,6,17,1,103,264,59,180,25,6
Arizona,Mohave,135,3,6,19,107,"1,983",573,"1,197",213,13
Arizona,Pinal,197,3,5,18,171,"1,469",321,987,161,
Arizona,Yavapai,193,5,0,4,184,860,155,608,97,10
Arizona,Yuma,136,7,17,6,106,807,223,502,82,7
Arizona,Gila,176,1,3,5,167,384,65,252,67,
Arizona,Graham,61,4,0,0,57,104,20,76,8,12
Arizona,La Paz,40,1,2,3,34,310,87,181,42,1
Arizona,Navajo,43,1,0,5,37,341,192,115,34,5
Arizona,Santa Cruz,1,0,0,0,1,117,35,66,16,0
Arkansas,Benton4,159,3,32,3,121,,,188,61,1
Arkansas,Cleveland,20,0,4,0,16,162,90,56,16,2
Arkansas,Craighead,48,2,16,1,29,315,108,168,39,3
Arkansas,Crawford,55,1,1,1,52,254,37,188,29,0
Arkansas,Crittenden,123,3,9,8,103,286,83,182,21,1
Arkansas,Faulkner,116,1,18,5,92,749,176,476,97,6
Arkansas,Garland4,279,0,25,8,246,,,675,145,0
Arkansas,Grant,28,0,3,1,24,167,53,86,28,1
Arkansas,Jefferson,78,4,12,2,60,414,110,247,57,7
Arkansas,Lincoln,14,0,7,0,7,40,15,20,5,0
Arkansas,Little River,10,0,1,1,8,93,27,58,8,1
Arkansas,Lonoke,75,1,8,0,66,374,68,220,86,4
Arkansas,Madison,44,1,5,1,37,169,48,99,22,3
Arkansas,Miller,57,0,8,1,48,199,68,113,18,0
Arkansas,Perry,29,0,7,0,22,95,23,72,0,0
Arkansas,Poinsett,42,0,4,0,38,138,60,50,28,0
Arkansas,Pulaski,428,4,31,27,366,"1,638",353,"1,123",162,9
Arkansas,Saline4,187,7,31,2,147,,,376,81,2
Arkansas,Sebastian,45,0,6,0,39,223,83,127,13,1
Arkansas,Washington,177,5,6,1,165,572,139,346,87,8
Arkansas,Arkansas,15,0,1,1,13,58,14,42,2,1
Arkansas,Ashley,22,0,1,2,19,153,38,98,17,3
Arkansas,Baxter,70,1,15,1,53,616,81,472,63,5
Arkansas,Boone,199,0,30,1,168,269,79,150,40,1
Arkansas,Bradley,8,0,0,0,8,51,31,12,8,0
Arkansas,Calhoun,11,0,0,0,11,68,22,34,12,0
Arkansas,Carroll,45,0,5,1,39,209,52,111,46,1
Arkansas,Chicot,13,0,2,0,11,76,18,58,0,0
Arkansas,Clark,11,0,0,0,11,70,19,42,9,0
Arkansas,Cleburne,142,0,21,4,117,297,86,185,26,6
Arkansas,Columbia,23,1,2,0,20,67,21,37,9,0
Arkansas,Conway,46,2,13,1,30,234,43,164,27,9
Arkansas,Drew,16,0,4,0,12,66,23,37,6,0
Arkansas,Fulton,29,0,3,0,26,51,0,45,6,0
Arkansas,Hempstead,29,0,6,1,22,143,41,75,27,1
Arkansas,Howard,20,0,4,0,16,57,29,25,3,0
Arkansas,Independence,153,1,44,2,106,367,110,209,48,14
Arkansas,Izard,33,0,8,0,25,197,55,130,12,5
Arkansas,Jackson,45,1,6,1,37,119,10,80,29,5
Arkansas,Johnson,40,0,7,0,33,114,47,51,16,2
Arkansas,Lee,13,1,4,0,8,101,26,64,11,1
Arkansas,Logan,36,0,10,0,26,162,35,117,10,6
Arkansas,Marion,32,0,9,0,23,243,80,150,13,0
Arkansas,Mississippi,23,0,3,2,18,247,81,133,33,3
Arkansas,Monroe,1,0,1,0,0,32,3,14,15,1
Arkansas,Pike,10,0,3,0,7,73,22,49,2,1
Arkansas,Pope,91,2,15,1,73,309,102,163,44,4
Arkansas,Prairie,3,0,1,1,1,67,24,39,4,0
Arkansas,Randolph,40,1,16,0,23,112,24,75,13,2
Arkansas,Scott,22,0,2,1,19,65,28,29,8,0
Arkansas,Sevier,26,0,6,0,20,88,21,53,14,2
Arkansas,St. Francis,40,0,7,6,27,286,80,206,0,2
Arkansas,Union,60,3,2,3,52,273,76,174,23,2
Arkansas,Van Buren,44,2,5,0,37,141,24,82,35,11
Arkansas,White,200,0,61,8,131,598,154,354,90,6
Arkansas,Woodruff,6,0,0,0,6,62,18,41,3,0
Arkansas,Yell,30,0,5,0,25,177,66,90,21,1
California,Alameda,633,5,27,210,391,"2,169",354,"1,324",491,21
California,Butte,283,5,32,28,218,"1,290",524,724,42,3
California,Contra Costa,332,8,28,89,207,"1,499",411,"1,053",35,11
California,El Dorado,173,3,47,29,94,"1,695",482,"1,186",27,4
California,Fresno,"1,082",14,38,102,928,"3,281","1,378","1,304",599,129
California,Imperial,211,2,11,7,191,588,178,324,86,22
California,Kern,"2,864",29,244,433,"2,158","9,449","2,756","4,680","2,013",275
California,Kings,125,2,19,19,85,432,114,297,21,1
California,Los Angeles,"5,564",68,300,"1,443","3,753","15,040","2,798","8,595","3,647",220
California,Madera,457,1,34,14,408,"1,017",375,621,21,7
California,Marin,63,1,5,12,45,738,143,591,4,1
California,Merced,500,4,19,24,453,"1,515",487,956,72,8
California,Monterey,258,3,25,36,194,"1,125",361,733,31,7
California,Napa,69,0,11,7,51,269,55,212,2,0
California,Orange,247,2,11,21,213,881,142,642,97,4
California,Placer,183,3,28,13,139,"1,077",278,769,30,9
California,Riverside,932,24,37,179,692,"7,220","1,454","4,320","1,446",24
California,Sacramento,"2,408",36,161,685,"1,526","8,067","2,276","5,634",157,67
California,San Benito,33,0,7,2,24,152,34,105,13,0
California,San Bernardino,"1,503",27,115,189,"1,172","3,945","1,142","1,875",928,53
California,San Diego,"1,499",10,104,224,"1,161","4,300",901,"2,498",901,30
California,San Joaquin,903,5,35,162,701,"2,439",719,"1,589",131,24
California,San Luis Obispo,181,5,26,5,145,963,331,614,18,7
California,San Mateo,324,3,71,62,188,"3,245",297,"2,612",336,5
California,Santa Barbara,232,2,17,26,187,"1,257",305,938,14,8
California,Santa Clara,356,2,40,25,289,"1,518",178,"1,154",186,4
California,Santa Cruz,331,5,58,34,234,"1,630",439,"1,174",17,7
California,Shasta,386,4,41,34,307,824,415,332,77,12
California,Solano,109,1,13,18,77,377,110,192,75,7
California,Sonoma,497,1,45,36,415,"1,089",350,733,6,22
California,Stanislaus,370,8,17,90,255,"1,602",559,"1,000",43,13
California,Sutter,77,1,4,13,59,576,167,350,59,1
California,Tulare5,334,9,30,64,231,"1,893",637,"1,254",2,0
California,Ventura,159,5,18,25,111,543,112,363,68,13
California,Yolo,69,0,8,6,55,294,79,204,11,1
California,Yuba,204,5,21,37,141,847,316,520,11,11
California,Alpine,13,0,2,0,11,29,12,14,3,0
California,Amador,66,1,3,8,54,416,146,268,2,4
California,Calaveras,139,1,32,8,98,668,274,380,14,0
California,Colusa,26,0,8,4,14,169,53,111,5,3
California,Del Norte,84,2,11,18,53,424,192,228,4,12
California,Glenn,55,2,8,8,37,362,86,239,37,3
California,Humboldt,310,1,21,59,229,"1,092",398,661,33,17
California,Inyo,60,1,9,3,47,192,86,105,1,0
California,Lake,193,3,21,19,150,435,204,225,6,5
California,Lassen,78,0,8,0,70,172,100,65,7,1
California,Mariposa,79,0,8,2,69,171,53,115,3,0
California,Mendocino,178,2,29,14,133,414,174,225,15,18
California,Modoc,31,0,2,1,28,29,6,22,1,0
California,Mono,25,0,3,0,22,53,21,32,0,1
California,Nevada,118,0,9,6,103,424,191,226,7,1
California,Plumas,128,1,9,5,113,294,116,167,11,3
California,Sierra,1,0,0,0,1,31,15,16,0,0
California,Siskiyou,70,5,2,2,61,146,69,69,8,1
California,Tehama,95,2,14,12,67,472,179,278,15,0
California,Trinity,61,2,10,9,40,190,83,101,6,2
California,Tuolumne,169,2,62,7,98,669,306,355,8,6
Colorado,Adams,513,7,94,76,336,"2,845",350,"1,608",887,23
Colorado,Boulder,85,1,11,8,65,617,143,431,43,3
Colorado,Douglas,318,2,99,21,196,"2,098",328,"1,610",160,20
Colorado,Elbert,5,0,1,0,4,5,1,2,2,1
Colorado,El Paso,484,7,112,50,315,"2,351",402,"1,509",440,23
Colorado,Gilpin,25,0,2,4,19,83,21,55,7,1
Colorado,Larimer,211,2,24,7,178,753,134,531,88,8
Colorado,Mesa,164,5,36,18,105,"1,059",249,694,116,17
Colorado,Park,41,1,6,1,33,65,17,42,6,2
Colorado,Pueblo,45,2,0,5,38,"1,058",183,720,155,1
Colorado,Teller,13,0,1,0,12,53,14,31,8,1
Colorado,Weld,136,2,24,10,100,664,128,415,121,8
Colorado,Archuleta,46,0,13,1,32,125,38,73,14,1
Colorado,Baca,3,0,0,0,3,2,0,1,1,0
Colorado,Bent,17,1,3,1,12,166,57,96,13,1
Colorado,Chaffee,3,0,2,0,1,57,10,38,9,0
Colorado,Cheyenne,3,0,0,0,3,14,2,12,0,0
Colorado,Crowley,5,0,1,0,4,61,25,30,6,1
Colorado,Custer,8,0,0,0,8,67,7,53,7,1
Colorado,Dolores,1,0,0,0,1,22,13,5,4,0
Colorado,Eagle,28,0,12,0,16,190,25,154,11,2
Colorado,Fremont,35,1,9,1,24,198,51,110,37,0
Colorado,Garfield,70,0,15,4,51,205,55,130,20,4
Colorado,Gunnison,6,0,1,0,5,21,2,15,4,0
Colorado,Huerfano,24,0,4,1,19,151,51,78,22,1
Colorado,Kiowa,2,0,0,0,2,14,4,8,2,0
Colorado,Kit Carson,4,1,1,0,2,42,19,21,2,1
Colorado,La Plata,50,1,19,0,30,197,54,125,18,3
Colorado,Las Animas,16,1,1,0,14,53,18,31,4,2
Colorado,Logan,33,1,7,0,25,109,51,42,16,1
Colorado,Moffat,15,0,0,0,15,10,1,9,0,0
Colorado,Montezuma,15,1,1,1,12,136,52,71,13,1
Colorado,Montrose,20,0,3,0,17,176,59,108,9,1
Colorado,Morgan,21,1,9,0,11,127,49,66,12,3
Colorado,Otero,21,4,7,0,10,92,24,47,21,0
Colorado,Phillips,2,0,0,0,2,2,0,2,0,0
Colorado,Pitkin,2,0,2,0,0,23,2,19,2,0
Colorado,Prowers,2,0,0,0,2,16,3,9,4,0
Colorado,Rio Grande,3,0,0,1,2,55,17,31,7,0
Colorado,Routt,5,1,1,0,3,48,8,37,3,0
Colorado,San Juan,1,0,0,0,1,9,0,6,3,0
Colorado,San Miguel,2,0,0,0,2,5,2,3,0,0
Colorado,Summit,36,0,16,1,19,237,44,189,4,2
Colorado,Washington,3,1,0,1,1,74,7,52,15,0
Colorado,Yuma,4,0,3,0,1,44,15,28,1,0
Delaware,New Castle County Police Department,912,8,103,112,689,"4,125",668,"2,955",502,0
Florida,Alachua,738,4,111,99,524,"1,817",414,"1,260",143,19
Florida,Baker,121,0,14,7,100,275,63,181,31,0
Florida,Bay,360,4,51,26,279,"2,192",464,"1,544",184,6
Florida,Brevard,540,8,52,54,426,"3,548",656,"2,589",303,14
Florida,Broward,349,2,26,93,228,694,99,527,68,1
Florida,Charlotte,301,2,41,16,242,"1,833",262,"1,445",126,9
Florida,Citrus,366,4,29,40,293,"2,046",394,"1,466",186,14
Florida,Clay,510,4,86,64,356,"2,876",496,"2,213",167,10
Florida,Collier,864,8,124,144,588,"3,884",433,"3,177",274,7
Florida,Escambia,"1,451",24,149,299,979,"7,196","1,540","5,117",539,3
Florida,Flagler,172,3,36,8,125,"1,022",150,803,69,3
Florida,Gadsden,77,0,15,7,55,264,114,138,12,1
Florida,Gilchrist,33,0,8,1,24,145,53,68,24,0
Florida,Hernando,465,6,58,43,358,"2,258",397,"1,690",171,9
Florida,Highlands,209,5,20,40,144,"1,755",401,"1,279",75,5
Florida,Hillsborough,"1,752",32,248,278,"1,194","11,353","1,460","8,948",945,33
Florida,Indian River,274,5,24,18,227,"1,398",177,"1,123",98,0
Florida,Jefferson,69,1,2,1,65,157,61,82,14,1
Florida,Lake,445,3,66,51,325,"2,231",567,"1,404",260,11
Florida,Lee,"1,236",9,191,256,780,"4,632",806,"3,398",428,29
Florida,Leon,322,1,35,22,264,"1,447",273,"1,059",115,1
Florida,Levy,462,1,17,2,442,527,225,243,59,4
Florida,Manatee,"1,368",10,179,173,"1,006","4,650",648,"3,659",343,15
Florida,Marion,"1,014",24,171,96,723,"3,987",853,"2,614",520,4
Florida,Martin,293,3,83,34,173,"1,528",199,"1,265",64,3
Florida,Miami-Dade,"5,353",90,478,"1,294","3,491","31,822","2,869","25,805","3,148",74
Florida,Nassau,174,1,35,4,134,919,332,514,73,5
Florida,Okaloosa,535,7,82,39,407,"2,375",271,"1,912",192,2
Florida,Orange,"4,874",58,437,"1,112","3,267","20,832","3,236","15,470","2,126",0
Florida,Osceola,678,9,80,86,503,"4,509",830,"3,408",271,5
Florida,Palm Beach,"1,589",31,215,290,"1,053","9,137","1,073","7,255",809,26
Florida,Pasco,"1,452",13,225,259,955,"6,456",993,"4,969",494,46
Florida,Pinellas,466,7,91,62,306,"3,831",507,"3,090",234,11
Florida,Polk,"1,166",10,63,128,965,"5,089",971,"3,572",546,6
Florida,Santa Rosa,209,4,54,14,137,"1,360",276,973,111,7
Florida,Sarasota,475,3,26,64,382,"4,183",583,"3,398",202,6
Florida,Seminole,445,4,83,45,313,"2,551",392,"1,977",182,5
Florida,St. Johns,281,5,24,32,220,"2,104",297,"1,657",150,4
Florida,St. Lucie,259,2,42,36,179,"1,160",210,842,108,8
Florida,Sumter,176,5,15,13,143,884,194,589,101,4
Florida,Volusia,546,7,60,87,392,"2,205",421,"1,572",212,14
Florida,Wakulla,75,0,11,2,62,503,124,346,33,1
Florida,Walton,114,1,15,4,94,755,130,569,56,0
Florida,Bradford,65,0,12,3,50,226,82,123,21,1
Florida,Calhoun,30,1,0,1,28,78,27,42,9,0
Florida,Columbia,158,1,17,19,121,894,361,483,50,2
Florida,DeSoto,104,0,17,6,81,512,147,321,44,2
Florida,Dixie,85,1,14,2,68,147,88,44,15,1
Florida,Franklin,59,0,1,0,58,211,33,169,9,2
Florida,Glades,24,0,2,0,22,124,20,92,12,0
Florida,Gulf,29,1,1,0,27,156,47,97,12,0
Florida,Hamilton,41,1,4,4,32,186,56,119,11,1
Florida,Hardee,47,1,4,4,38,270,79,167,24,0
Florida,Hendry,126,7,19,11,89,630,254,328,48,3
Florida,Holmes,72,0,12,3,57,158,54,97,7,0
Florida,Lafayette,13,0,1,0,12,37,12,20,5,0
Florida,Liberty,19,1,0,1,17,66,22,35,9,0
Florida,Madison,109,0,14,3,92,174,71,101,2,0
Florida,Monroe,186,2,19,23,142,681,86,557,38,6
Florida,Okeechobee,162,2,21,25,114,780,153,549,78,0
Florida,Putnam,124,4,21,10,89,797,217,528,52,0
Florida,Suwannee,148,2,17,2,127,432,137,269,26,0
Florida,Taylor,71,0,9,4,58,229,91,108,30,0
Florida,Union,47,0,12,3,32,83,30,47,6,0
Florida,Washington,32,0,0,1,31,132,44,74,14,0
Georgia,Brooks,50,0,5,1,44,196,47,122,27,0
Georgia,Bryan,47,1,5,9,32,277,45,217,15,0
Georgia,Burke,27,0,2,3,22,225,57,142,26,0
Georgia,Butts,57,2,6,3,46,329,40,266,23,1
Georgia,Cherokee,74,0,19,12,43,"1,145",149,902,94,0
Georgia,Clayton County Police Department,"1,440",33,220,422,765,"7,364","1,627","4,595","1,142",20
Georgia,Cobb,6,0,0,0,6,74,0,71,3,0
Georgia,Coweta,596,5,53,10,528,"1,007",179,730,98,3
Georgia,Dougherty,0,0,0,0,0,56,0,55,1,0
Georgia,Dougherty County Police Department,38,0,5,9,24,284,84,173,27,0
Georgia,Echols,3,0,1,0,2,19,9,10,0,0
Georgia,Fayette,50,4,7,5,34,346,93,222,31,2
Georgia,Forsyth,123,1,22,7,93,"1,377",180,"1,077",120,0
Georgia,Hall,252,4,37,20,191,"1,315",288,876,151,4
Georgia,Haralson,146,1,8,2,135,384,102,234,48,3
Georgia,Heard,18,0,1,2,15,96,25,60,11,2
Georgia,Jasper,69,0,2,2,65,193,34,144,15,1
Georgia,Jones,22,0,2,2,18,303,81,192,30,1
Georgia,Lanier,22,0,0,1,21,117,33,71,13,0
Georgia,Lee,41,0,6,11,24,494,103,356,35,1
Georgia,Madison,99,1,3,2,93,363,60,280,23,4
Georgia,Marion,2,0,0,0,2,29,9,17,3,0
Georgia,McDuffie,28,0,3,6,19,178,67,101,10,0
Georgia,Meriwether,42,2,5,2,33,257,64,173,20,1
Georgia,Murray,47,0,5,3,39,85,16,51,18,
Georgia,Newton,81,3,8,32,38,821,303,408,110,12
Georgia,Paulding,320,5,27,22,266,"1,862",314,"1,272",276,11
Georgia,Peach,25,0,6,3,16,156,32,106,18,0
Georgia,Pike,20,0,1,2,17,193,24,160,9,0
Georgia,Walton,39,1,10,7,21,444,74,322,48,0
Georgia,Berrien,51,1,3,0,47,132,31,92,9,2
Georgia,Bleckley,21,0,3,0,18,100,34,61,5,0
Georgia,Candler,9,0,1,3,5,41,9,31,1,1
Georgia,Cook,36,0,1,1,34,131,25,89,17,0
Georgia,Fannin,31,2,8,1,20,274,61,179,34,3
Georgia,Franklin,16,2,3,0,11,221,53,153,15,0
Georgia,Gilmer,72,0,16,0,56,327,73,226,28,2
Georgia,Hancock,15,0,0,0,15,50,15,28,7,0
Georgia,Jefferson,27,0,2,0,25,70,23,36,11,0
Georgia,Laurens,92,1,12,8,71,523,175,291,57,3
Georgia,Mitchell,28,0,2,2,24,265,40,196,29,0
Georgia,Pierce,31,0,5,2,24,321,72,219,30,2
Georgia,Pulaski,50,2,2,1,45,209,55,151,3,
Georgia,Screven,37,0,0,4,33,112,41,59,12,2
Georgia,Thomas,60,0,17,11,32,477,106,322,49,3
Georgia,Towns,23,0,3,0,20,88,17,67,4,0
Georgia,Treutlen,5,0,1,0,4,34,10,22,2,1
Georgia,Ware,83,1,3,3,76,432,62,354,16,
Georgia,White,22,0,1,1,20,136,51,77,8,1
Georgia,Wilkes,22,0,1,0,21,30,6,20,4,0
Georgia,Wilkinson,10,0,0,1,9,34,16,14,4,0
Hawaii,Maui Police Department,449,1,110,67,271,"4,984",577,"3,746",661,128
Idaho,Ada,257,0,67,4,186,595,131,443,21,10
Idaho,Bannock,5,0,2,0,3,37,9,20,8,0
Idaho,Boise,17,0,1,1,15,62,7,51,4,0
Idaho,Bonneville,109,1,15,3,90,607,157,409,41,5
Idaho,Butte,7,0,0,0,7,1,0,1,0,0
Idaho,Canyon,117,1,28,3,85,430,139,200,91,3
Idaho,Franklin,8,1,0,0,7,34,20,14,0,0
Idaho,Gem,22,1,3,0,18,64,25,32,7,0
Idaho,Jefferson,19,0,2,0,17,68,12,50,6,0
Idaho,Jerome,13,0,2,0,11,95,32,52,11,0
Idaho,Kootenai,149,1,15,4,129,707,175,490,42,3
Idaho,Nez Perce,8,0,4,0,4,83,11,67,5,0
Idaho,Owyhee,30,0,6,0,24,60,14,39,7,0
Idaho,Power,10,0,5,0,5,29,5,21,3,0
Idaho,Twin Falls,42,0,9,0,33,136,60,62,14,2
Idaho,Adams,10,0,0,0,10,43,6,37,0,0
Idaho,Benewah,25,1,1,1,22,36,7,22,7,1
Idaho,Bingham,27,1,4,1,21,154,44,95,15,0
Idaho,Blaine,5,0,2,0,3,18,7,10,1,0
Idaho,Bonner,26,0,1,0,25,342,111,190,41,2
Idaho,Camas,3,0,0,0,3,8,2,6,0,0
Idaho,Cassia,34,0,1,1,32,257,23,209,25,0
Idaho,Clark,1,0,1,0,0,5,0,5,0,0
Idaho,Custer,4,1,1,0,2,16,4,11,1,0
Idaho,Elmore,29,1,3,0,25,55,7,38,10,2
Idaho,Fremont,2,0,1,0,1,42,5,34,3,0
Idaho,Gooding,19,1,2,0,16,41,11,19,11,0
Idaho,Idaho,26,0,3,1,22,63,20,35,8,0
Idaho,Latah,14,1,7,0,6,89,22,63,4,0
Idaho,Lemhi,6,0,0,0,6,9,4,3,2,0
Idaho,Lewis,5,0,0,0,5,49,11,29,9,0
Idaho,Lincoln,17,0,2,0,15,26,9,15,2,0
Idaho,Madison,22,0,7,0,15,54,12,34,8,0
Idaho,Minidoka,12,0,1,0,11,82,21,53,8,0
Idaho,Oneida,5,0,1,0,4,19,8,8,3,0
Idaho,Payette,14,0,3,0,11,85,7,66,12,0
Idaho,Shoshone,14,0,2,0,12,106,34,62,10,0
Idaho,Teton,15,0,2,0,13,33,4,28,1,0
Idaho,Valley,22,0,6,0,16,58,22,35,1,0
Idaho,Washington,5,0,1,0,4,16,8,7,1,0
Illinois,Alexander,6,0,1,0,5,53,15,37,1,0
Illinois,Boone,27,0,12,1,14,146,34,103,9,0
Illinois,Champaign,48,0,24,9,15,405,130,251,24,1
Illinois,Clinton,9,0,1,1,7,73,12,58,3,0
Illinois,Cook,231,4,61,37,129,"1,035",156,745,134,11
Illinois,DeKalb,28,0,3,7,18,85,42,42,1,0
Illinois,DuPage,81,1,21,12,47,434,120,272,42,2
Illinois,Fulton,29,0,2,4,23,155,60,87,8,0
Illinois,Grundy,20,1,6,2,11,79,19,58,2,2
Illinois,Henry,6,0,0,0,6,51,11,36,4,0
Illinois,Jackson,29,0,8,1,20,299,115,163,21,0
Illinois,Jersey,25,0,15,0,10,115,37,67,11,0
Illinois,Johnson,26,0,2,1,23,93,29,50,14,0
Illinois,Kane,87,1,12,9,65,280,87,171,22,0
Illinois,Kankakee,56,1,9,8,38,250,80,151,19,6
Illinois,Kendall,52,0,19,7,26,225,27,193,5,1
Illinois,Lake,104,1,27,13,63,771,194,501,76,3
Illinois,Macon,38,0,5,3,30,282,60,210,12,3
Illinois,Macoupin,10,0,0,4,6,250,55,180,15,1
Illinois,Madison,126,0,22,8,96,"1,059",223,751,85,1
Illinois,Marshall,3,0,1,0,2,24,14,7,3,1
Illinois,McHenry,65,1,17,3,44,257,63,179,15,1
Illinois,McLean,30,0,12,1,17,117,27,77,13,3
Illinois,Menard,10,0,3,0,7,51,8,40,3,22
Illinois,Monroe,9,0,3,0,6,34,16,15,3,0
Illinois,Peoria,55,0,12,8,35,866,162,616,88,4
Illinois,Piatt,16,0,5,0,11,63,37,20,6,0
Illinois,Rock Island,54,0,17,2,35,222,53,154,15,1
Illinois,Sangamon,204,1,21,22,160,467,209,196,62,1
Illinois,Stark,9,0,0,0,9,33,18,12,3,0
Illinois,Vermilion,87,0,19,2,66,403,135,249,19,4
Illinois,Will,125,2,24,21,78,658,119,411,128,7
Illinois,Williamson,8,2,4,1,1,248,45,183,20,1
Illinois,Winnebago,123,3,27,9,84,517,161,314,42,4
Illinois,Woodford,24,5,3,1,15,104,37,62,5,1
Illinois,Brown,1,0,0,0,1,10,2,8,0,0
Illinois,Bureau,29,0,10,0,19,113,28,73,12,4
Illinois,Carroll,9,0,1,0,8,21,8,12,1,1
Illinois,Cass,2,0,0,0,2,30,9,20,1,0
Illinois,Clay,5,0,0,0,5,43,17,19,7,1
Illinois,Coles,16,0,5,0,11,98,21,66,11,1
Illinois,Crawford,6,0,1,0,5,76,15,59,2,0
Illinois,Cumberland,1,0,0,0,1,13,7,5,1,0
Illinois,Douglas,8,0,2,0,6,30,13,15,2,0
Illinois,Edgar,4,0,1,0,3,32,11,17,4,0
Illinois,Effingham,16,0,0,0,16,107,23,69,15,0
Illinois,Fayette,14,0,4,0,10,50,14,23,13,0
Illinois,Ford,11,0,1,0,10,52,18,34,0,0
Illinois,Franklin,14,0,0,0,14,217,56,151,10,0
Illinois,Gallatin,5,0,0,0,5,38,8,23,7,0
Illinois,Greene,9,0,0,0,9,20,4,15,1,1
Illinois,Hamilton,7,0,3,0,4,42,6,33,3,0
Illinois,Iroquois,19,3,2,0,14,142,48,74,20,1
Illinois,Jasper,48,0,13,1,34,56,32,18,6,1
Illinois,Jefferson,59,0,4,2,53,286,102,156,28,4
Illinois,Jo Daviess,6,0,2,1,3,74,27,43,4,0
Illinois,Knox,51,0,9,0,42,171,72,81,18,1
Illinois,La Salle,33,0,12,0,21,167,45,110,12,2
Illinois,Lee,21,0,0,0,21,81,11,63,7,1
Illinois,Livingston,28,0,8,2,18,96,33,57,6,1
Illinois,Logan,11,0,1,0,10,63,29,31,3,0
Illinois,Marion,43,1,10,4,28,202,100,86,16,0
Illinois,Mason,12,0,2,0,10,85,16,66,3,1
Illinois,McDonough,8,0,0,0,8,19,9,9,1,0
Illinois,Montgomery,42,0,5,0,37,133,51,79,3,1
Illinois,Morgan,11,0,3,2,6,108,57,45,6,0
Illinois,Moultrie,8,0,2,0,6,38,15,20,3,0
Illinois,Ogle,13,0,0,0,13,149,46,101,2,0
Illinois,Perry,7,0,3,0,4,67,26,37,4,0
Illinois,Pike,15,0,6,1,8,37,14,22,1,0
Illinois,Putnam,1,0,0,0,1,19,5,14,0,0
Illinois,Randolph,4,0,1,0,3,18,5,12,1,0
Illinois,Schuyler,3,0,0,0,3,14,0,14,0,0
Illinois,Scott,0,0,0,0,0,15,5,6,4,0
Illinois,Shelby,1,0,1,0,0,49,16,33,0,0
Illinois,Stephenson,36,2,13,1,20,87,21,62,4,1
Illinois,Wabash,0,0,0,0,0,2,1,1,0,0
Illinois,Wayne,15,0,4,1,10,108,40,56,12,0
Illinois,Whiteside,17,1,8,0,8,79,36,37,6,0
Indiana,Allen,184,2,36,29,117,642,128,436,78,1
Indiana,Bartholomew,51,0,18,2,31,402,75,287,40,
Indiana,Floyd,16,2,1,1,12,281,37,200,44,
Indiana,Franklin,4,0,0,0,4,137,30,89,18,0
Indiana,Hancock,60,0,2,5,53,233,50,145,38,1
Indiana,Howard,56,0,3,4,49,126,29,86,11,
Indiana,La Porte,57,1,2,10,44,416,130,233,53,1
Indiana,Madison,37,0,16,6,15,369,95,249,25,3
Indiana,Porter,38,2,10,2,24,350,77,248,25,
Indiana,Shelby,58,1,4,3,50,154,46,90,18,2
Indiana,Tippecanoe,41,1,12,6,22,500,120,344,36,3
Indiana,Vanderburgh,51,1,9,4,37,482,61,399,22,1
Indiana,Vigo7,218,0,11,10,197,,190,,91,10
Indiana,Warrick,88,2,6,6,74,508,84,386,38,0
Indiana,Blackford6,8,1,0,1,6,16,5,11,0,1
Indiana,Clinton,19,1,6,0,12,175,47,121,7,0
Indiana,Gibson,32,0,7,0,25,116,23,81,12,1
Indiana,Grant,36,0,4,1,31,254,89,158,7,0
Indiana,Jackson,12,0,1,0,11,277,67,189,21,
Indiana,Jay,7,1,0,0,6,53,4,43,6,
Indiana,Jennings,10,3,5,0,2,89,70,19,0,1
Indiana,Lawrence,27,0,1,10,16,142,55,53,34,
Indiana,Pulaski,41,0,2,2,37,118,23,83,12,0
Indiana,Scott,6,0,4,0,2,219,70,144,5,1
Indiana,Starke6,36,1,1,3,31,196,38,137,21,0
Indiana,Steuben6,12,0,4,0,8,322,63,207,52,1
Indiana,Wayne,6,1,3,0,2,147,37,92,18,
Indiana,White,12,0,0,0,12,44,20,19,5,
Iowa,Black Hawk,20,0,0,0,20,123,58,48,17,1
Iowa,Boone,17,0,0,0,17,48,13,27,8,1
Iowa,Bremer,4,0,2,0,2,24,14,9,1,0
Iowa,Dubuque,13,1,7,0,5,114,30,68,16,0
Iowa,Grundy,7,0,0,0,7,63,40,18,5,1
Iowa,Guthrie,2,0,0,0,2,45,19,23,3,0
Iowa,Harrison,7,0,0,0,7,43,12,25,6,2
Iowa,Jasper,6,0,2,0,4,44,20,17,7,0
Iowa,Johnson,65,0,8,1,56,196,60,116,20,4
Iowa,Madison,2,0,0,0,2,26,14,11,1,0
Iowa,Mills,17,0,1,0,16,98,28,53,17,2
Iowa,Polk,112,0,14,9,89,822,211,486,125,4
Iowa,Pottawattamie,57,1,7,3,46,251,54,173,24,4
Iowa,Scott,40,2,6,0,32,170,53,100,17,0
Iowa,Story,13,1,3,0,9,105,43,46,16,1
Iowa,Warren,54,0,7,0,47,136,37,82,17,4
Iowa,Washington,35,0,2,0,33,61,25,27,9,0
Iowa,Woodbury,22,0,3,0,19,186,98,78,10,0
Iowa,Adair,0,0,0,0,0,24,7,14,3,0
Iowa,Adams,3,0,0,0,3,20,8,10,2,0
Iowa,Allamakee,7,0,1,0,6,20,5,13,2,0
Iowa,Appanoose,8,0,0,0,8,70,24,30,16,1
Iowa,Buchanan,33,0,8,0,25,115,41,57,17,5
Iowa,Buena Vista,12,0,1,0,11,41,29,10,2,0
Iowa,Butler,7,0,4,0,3,25,15,6,4,1
Iowa,Calhoun,8,0,0,0,8,31,12,14,5,1
Iowa,Cass,10,1,2,0,7,38,6,25,7,0
Iowa,Cedar,12,0,2,0,10,43,14,24,5,1
Iowa,Cerro Gordo,10,0,2,0,8,98,26,53,19,0
Iowa,Cherokee,2,0,1,0,1,12,7,5,0,0
Iowa,Chickasaw,10,0,1,0,9,29,9,15,5,0
Iowa,Clarke,7,0,2,0,5,36,11,16,9,1
Iowa,Clay,13,0,1,0,12,11,7,3,1,0
Iowa,Clayton,11,0,7,0,4,41,11,27,3,0
Iowa,Clinton,17,0,6,1,10,92,25,61,6,0
Iowa,Crawford,3,0,0,0,3,3,0,2,1,1
Iowa,Davis,4,0,0,0,4,1,0,1,0,0
Iowa,Delaware,4,0,3,0,1,46,7,30,9,2
Iowa,Des Moines,14,0,1,0,13,118,70,46,2,0
Iowa,Dickinson,5,0,0,0,5,29,12,13,4,0
Iowa,Emmet,0,0,0,0,0,7,0,5,2,0
Iowa,Franklin,0,0,0,0,0,1,0,0,1,0
Iowa,Fremont,11,0,2,1,8,43,16,22,5,1
Iowa,Hamilton,6,0,0,0,6,54,28,19,7,0
Iowa,Hancock,6,0,2,0,4,31,17,14,0,0
Iowa,Hardin,11,0,4,0,7,83,36,38,9,0
Iowa,Henry,20,0,0,0,20,69,20,46,3,2
Iowa,Howard,0,0,0,0,0,35,20,12,3,0
Iowa,Humboldt,0,0,0,0,0,41,11,28,2,1
Iowa,Ida,10,0,2,0,8,68,17,44,7,0
Iowa,Iowa,8,0,0,0,8,55,12,31,12,0
Iowa,Jackson,3,0,0,0,3,23,6,12,5,0
Iowa,Jefferson,2,0,1,0,1,26,11,12,3,0
Iowa,Kossuth,6,3,3,0,0,32,22,8,2,0
Iowa,Lee,15,0,2,0,13,108,42,49,17,0
Iowa,Louisa,23,0,6,0,17,58,18,35,5,0
Iowa,Lucas,12,0,2,2,8,68,29,34,5,0
Iowa,Lyon,11,0,2,0,9,57,21,26,10,0
Iowa,Mahaska,23,0,1,0,22,64,22,31,11,0
Iowa,Marion,19,0,10,0,9,44,12,28,4,0
Iowa,Marshall,42,0,3,0,39,94,31,49,14,3
Iowa,Mitchell,0,0,0,0,0,5,2,3,0,0
Iowa,Monona,16,0,1,0,15,37,15,15,7,0
Iowa,Monroe,5,0,3,0,2,20,5,8,7,0
Iowa,Muscatine,21,1,7,1,12,56,29,20,7,0
Iowa,O'Brien,21,0,5,0,16,57,12,41,4,1
Iowa,Osceola,14,0,1,0,13,73,14,57,2,0
Iowa,Page,3,0,1,0,2,26,9,11,6,0
Iowa,Palo Alto,15,0,2,0,13,48,23,21,4,0
Iowa,Plymouth,13,0,3,0,10,45,15,23,7,0
Iowa,Ringgold,4,0,0,0,4,21,4,16,1,0
Iowa,Sac,6,0,1,0,5,32,10,20,2,1
Iowa,Shelby,3,0,0,0,3,14,6,7,1,1
Iowa,Sioux,7,0,3,0,4,50,12,35,3,0
Iowa,Tama,23,0,1,0,22,57,22,23,12,0
Iowa,Taylor,8,0,0,0,8,14,3,8,3,1
Iowa,Union,4,0,0,0,4,46,14,28,4,0
Iowa,Van Buren,4,0,0,0,4,58,24,31,3,0
Iowa,Wapello,25,0,2,0,23,91,33,45,13,2
Iowa,Wayne,8,0,0,0,8,28,13,12,3,1
Iowa,Webster,27,0,4,0,23,113,41,59,13,2
Iowa,Winneshiek,9,0,2,0,7,12,1,8,3,0
Iowa,Worth,6,0,1,0,5,27,7,19,1,0
Iowa,Wright,4,0,1,0,3,21,4,14,3,1
Kansas,Butler,49,0,12,1,36,301,61,201,39,3
Kansas,Doniphan,1,0,0,0,1,8,3,4,1,0
Kansas,Geary,15,1,1,0,13,32,8,19,5,0
Kansas,Harvey,11,0,0,1,10,24,12,11,1,0
Kansas,Jackson,15,0,3,0,12,122,17,96,9,1
Kansas,Jefferson,33,0,11,1,21,224,25,164,35,1
Kansas,Johnson,50,0,10,2,38,220,24,163,33,1
Kansas,Linn,13,1,2,0,10,86,26,52,8,1
Kansas,Osage4,14,0,1,1,12,,,31,10,1
Kansas,Pottawatomie,27,0,5,1,21,177,42,111,24,4
Kansas,Riley County Police Department4,263,1,32,21,209,,,998,105,13
Kansas,Sedgwick,94,2,21,3,68,205,61,109,35,3
Kansas,Shawnee,87,1,8,3,75,958,250,589,119,2
Kansas,Sumner,12,0,2,2,8,156,65,75,16,3
Kansas,Wabaunsee,14,0,2,0,12,77,29,45,3,2
Kansas,Wyandotte,21,0,4,2,15,92,6,82,4,0
Kansas,Allen,14,0,3,0,11,51,22,22,7,0
Kansas,Anderson,8,0,0,0,8,31,13,14,4,0
Kansas,Barber,6,0,0,1,5,19,4,13,2,0
Kansas,Barton,20,1,3,0,16,69,15,52,2,0
Kansas,Bourbon,10,0,0,0,10,33,7,19,7,1
Kansas,Brown,5,0,0,0,5,16,5,8,3,0
Kansas,Clark,3,0,0,0,3,14,1,13,0,0
Kansas,Clay,2,0,0,1,1,5,0,5,0,0
Kansas,Cowley,30,0,8,0,22,125,45,67,13,1
Kansas,Crawford,22,1,2,1,18,157,1,125,31,2
Kansas,Dickinson,23,0,2,0,21,106,33,64,9,1
Kansas,Edwards,0,0,0,0,0,15,5,9,1,0
Kansas,Ellis,14,0,0,2,12,32,10,20,2,1
Kansas,Ellsworth,8,0,1,0,7,47,26,16,5,1
Kansas,Finney,28,1,5,2,20,135,28,83,24,1
Kansas,Ford,13,0,0,0,13,59,15,34,10,0
Kansas,Franklin,52,0,6,1,45,155,54,81,20,4
Kansas,Gove,4,0,2,0,2,7,2,4,1,0
Kansas,Grant,2,0,0,0,2,13,5,7,1,0
Kansas,Gray,4,0,2,0,2,42,6,33,3,0
Kansas,Greenwood,25,0,4,0,21,72,18,46,8,1
Kansas,Hamilton,9,0,1,1,7,21,3,16,2,0
Kansas,Haskell,0,0,0,0,0,22,5,15,2,0
Kansas,Jewell,2,0,1,0,1,16,10,5,1,0
Kansas,Kearny,12,0,3,0,9,74,14,55,5,0
Kansas,Kingman,3,0,0,0,3,30,8,19,3,0
Kansas,Kiowa,3,0,0,0,3,18,9,8,1,0
Kansas,Labette,6,0,0,0,6,55,22,29,4,0
Kansas,Logan,1,0,0,0,1,10,0,9,1,0
Kansas,Lyon,17,0,7,0,10,57,18,36,3,0
Kansas,Marion,9,0,1,0,8,40,17,17,6,0
Kansas,McPherson,14,0,1,0,13,37,15,20,2,0
Kansas,Mitchell,2,0,0,0,2,29,12,12,5,0
Kansas,Montgomery4,27,0,2,1,24,,,76,17,3
Kansas,Morris,7,0,0,0,7,21,8,10,3,0
Kansas,Nemaha,5,0,0,0,5,51,4,39,8,1
Kansas,Neosho,8,0,1,0,7,30,13,14,3,1
Kansas,Ness,8,0,0,0,8,18,5,11,2,0
Kansas,Osborne,1,0,0,0,1,26,14,10,2,0
Kansas,Phillips,5,0,0,0,5,5,2,2,1,0
Kansas,Pratt,5,0,1,0,4,20,13,5,2,0
Kansas,Reno,32,0,4,0,28,178,64,96,18,0
Kansas,Rice,4,0,0,0,4,28,3,20,5,0
Kansas,Rooks,3,1,1,0,1,16,5,10,1,1
Kansas,Rush,11,0,0,1,10,31,11,18,2,0
Kansas,Russell,5,0,1,0,4,40,13,22,5,0
Kansas,Seward,4,1,0,0,3,19,6,8,5,2
Kansas,Thomas,4,0,0,0,4,19,2,15,2,0
Kansas,Washington,3,0,0,0,3,5,3,0,2,0
Kansas,Wichita,4,0,0,0,4,5,1,3,1,0
Kansas,Wilson,10,0,2,0,8,47,14,28,5,1
Kansas,Woodson,1,0,0,0,1,19,7,11,1,0
Kentucky,Allen,8,0,2,1,5,86,38,37,11,2
Kentucky,Boone,66,0,24,15,27,817,152,553,112,5
Kentucky,Bourbon,3,0,1,0,2,55,16,31,8,0
Kentucky,Boyd,20,0,5,0,15,181,67,94,20,0
Kentucky,Bracken,2,0,0,1,1,50,12,25,13,0
Kentucky,Bullitt,20,0,5,5,10,347,90,205,52,1
Kentucky,Butler,2,0,0,0,2,32,10,15,7,0
Kentucky,Campbell,0,0,0,0,0,0,0,0,0,0
Kentucky,Campbell County Police Department,13,0,7,1,5,141,38,79,24,0
Kentucky,Carter,6,1,0,1,4,57,13,24,20,0
Kentucky,Christian,18,0,6,2,10,258,88,133,37,1
Kentucky,Clark,6,0,2,2,2,142,54,67,21,0
Kentucky,Daviess,20,2,9,1,8,374,93,242,39,4
Kentucky,Edmonson,9,0,0,0,9,22,4,12,6,0
Kentucky,Fayette,0,0,0,0,0,0,0,0,0,0
Kentucky,Gallatin,2,0,0,0,2,17,11,3,3,0
Kentucky,Grant,6,0,2,1,3,135,33,79,23,0
Kentucky,Greenup,3,0,0,1,2,34,4,18,12,0
Kentucky,Hancock,2,0,1,0,1,27,8,12,7,0
Kentucky,Hardin,16,1,3,3,9,140,39,79,22,3
Kentucky,Henderson,19,1,4,0,14,163,48,93,22,1
Kentucky,Henry,1,0,0,0,1,8,4,1,3,0
Kentucky,Jefferson,1,0,0,0,1,0,0,0,0,0
Kentucky,Jessamine,14,0,7,1,6,206,59,121,26,2
Kentucky,Kenton,0,0,0,0,0,6,0,5,1,0
Kentucky,Kenton County Police Department,19,0,7,5,7,116,41,69,6,2
Kentucky,Larue,3,0,0,1,2,18,4,5,9,0
Kentucky,McLean,2,0,1,0,1,53,27,18,8,0
Kentucky,Meade,14,0,0,2,12,122,48,52,22,1
Kentucky,Oldham,0,0,0,0,0,3,2,1,0,0
Kentucky,Oldham County Police Department,25,0,13,4,8,455,87,337,31,6
Kentucky,Pendleton,4,0,0,1,3,60,15,40,5,1
Kentucky,Scott,8,1,0,2,5,161,35,104,22,0
Kentucky,Shelby,18,0,3,4,11,244,56,162,26,1
Kentucky,Spencer,0,0,0,0,0,43,13,24,6,0
Kentucky,Trigg,6,0,1,0,5,98,42,51,5,0
Kentucky,Warren,39,1,16,5,17,537,165,313,59,0
Kentucky,Woodford,0,0,0,0,0,14,1,12,1,0
Kentucky,Adair,1,0,0,0,1,5,1,3,1,0
Kentucky,Anderson,2,0,0,0,2,15,4,7,4,0
Kentucky,Ballard,9,0,1,0,8,62,21,32,9,0
Kentucky,Barren,30,1,2,3,24,84,22,43,19,0
Kentucky,Bath,4,0,0,0,4,33,11,17,5,0
Kentucky,Bell,18,0,0,0,18,137,54,66,17,0
Kentucky,Boyle,6,0,1,2,3,34,12,18,4,1
Kentucky,Breathitt,2,2,0,0,0,10,6,3,1,0
Kentucky,Breckinridge,7,1,0,1,5,40,13,13,14,1
Kentucky,Caldwell,2,0,0,0,2,22,4,12,6,0
Kentucky,Calloway,10,0,4,1,5,194,68,110,16,4
Kentucky,Carlisle,2,0,0,1,1,19,5,13,1,1
Kentucky,Carroll,5,0,1,3,1,54,18,27,9,1
Kentucky,Casey,1,0,0,0,1,44,27,9,8,0
Kentucky,Clay,4,1,0,0,3,95,30,32,33,1
Kentucky,Clinton,0,0,0,0,0,15,2,6,7,0
Kentucky,Crittenden,1,0,1,0,0,24,10,9,5,0
Kentucky,Cumberland,0,0,0,0,0,10,6,1,3,0
Kentucky,Elliott,0,0,0,0,0,0,0,0,0,0
Kentucky,Estill,2,0,0,1,1,29,6,18,5,0
Kentucky,Fleming,2,0,0,0,2,12,4,8,0,0
Kentucky,Floyd,5,0,1,0,4,50,6,30,14,0
Kentucky,Franklin,25,1,4,2,18,209,43,119,47,0
Kentucky,Fulton,0,0,0,0,0,13,4,7,2,0
Kentucky,Garrard,0,0,0,0,0,0,0,0,0,0
Kentucky,Garrard County Police Department,3,0,0,0,3,69,21,36,12,0
Kentucky,Graves,28,0,15,3,10,223,81,120,22,1
Kentucky,Grayson,4,0,0,3,1,84,25,45,14,1
Kentucky,Green,2,0,1,0,1,2,2,0,0,0
Kentucky,Harlan,1,0,1,0,0,39,21,14,4,1
Kentucky,Harrison,7,0,0,2,5,73,23,41,9,1
Kentucky,Hart,3,0,1,1,1,79,32,30,17,0
Kentucky,Hickman,0,0,0,0,0,13,5,6,2,0
Kentucky,Hopkins,18,0,2,0,16,204,56,128,20,1
Kentucky,Jackson,4,0,0,0,4,76,23,30,23,0
Kentucky,Johnson,4,0,1,0,3,45,20,13,12,0
Kentucky,Knott,2,0,0,1,1,26,4,17,5,0
Kentucky,Knox,17,0,1,4,12,81,23,27,31,0
Kentucky,Laurel,25,1,1,6,17,460,112,229,119,0
Kentucky,Lawrence,3,0,0,2,1,42,11,16,15,0
Kentucky,Lee,1,0,0,1,0,5,2,2,1,0
Kentucky,Leslie,1,0,0,0,1,17,2,6,9,0
Kentucky,Letcher,1,0,0,0,1,13,0,11,2,0
Kentucky,Lewis,4,0,1,0,3,18,10,5,3,0
Kentucky,Lincoln,5,0,0,0,5,57,16,21,20,0
Kentucky,Livingston,2,0,0,0,2,52,19,26,7,0
Kentucky,Logan,26,0,10,1,15,80,39,36,5,2
Kentucky,Lyon,3,0,0,2,1,60,22,34,4,0
Kentucky,Madison,18,0,4,3,11,226,60,139,27,0
Kentucky,Magoffin,1,0,1,0,0,19,3,8,8,0
Kentucky,Marion,3,0,0,2,1,49,22,23,4,1
Kentucky,Marshall,19,0,7,2,10,204,61,119,24,0
Kentucky,Martin,4,0,0,0,4,13,2,4,7,0
Kentucky,Mason,4,0,0,0,4,73,36,26,11,0
Kentucky,McCracken,38,1,16,5,16,472,137,289,46,2
Kentucky,McCreary,1,0,0,0,1,58,12,30,16,0
Kentucky,Menifee,0,0,0,0,0,10,2,4,4,0
Kentucky,Mercer,2,0,0,0,2,49,17,30,2,0
Kentucky,Metcalfe,2,0,0,0,2,34,21,9,4,0
Kentucky,Monroe,0,0,0,0,0,9,1,6,2,0
Kentucky,Montgomery,10,1,2,1,6,285,96,150,39,0
Kentucky,Morgan,2,0,0,0,2,14,5,7,2,0
Kentucky,Muhlenberg,14,0,0,2,12,66,24,31,11,2
Kentucky,Nelson,22,0,6,0,16,213,57,122,34,3
Kentucky,Nicholas,0,0,0,0,0,2,1,0,1,1
Kentucky,Ohio,19,0,10,0,9,116,33,56,27,1
Kentucky,Owen,2,0,1,0,1,28,14,9,5,0
Kentucky,Owsley,0,0,0,0,0,16,3,3,10,0
Kentucky,Perry,8,1,2,0,5,51,15,17,19,0
Kentucky,Pike,2,0,1,0,1,33,4,24,5,0
Kentucky,Powell,0,0,0,0,0,8,2,4,2,0
Kentucky,Pulaski,30,0,13,3,14,315,135,124,56,2
Kentucky,Robertson,0,0,0,0,0,8,1,6,1,0
Kentucky,Rockcastle,3,0,1,1,1,40,15,15,10,1
Kentucky,Rowan,8,0,4,1,3,65,27,31,7,1
Kentucky,Russell,3,0,2,0,1,63,15,42,6,2
Kentucky,Simpson,2,0,1,0,1,40,11,19,10,0
Kentucky,Taylor,13,1,4,1,7,148,63,74,11,0
Kentucky,Todd,1,0,0,0,1,45,24,13,8,0
Kentucky,Trimble,0,0,0,0,0,11,4,4,3,1
Kentucky,Union,3,0,0,0,3,35,12,19,4,0
Kentucky,Washington,6,0,1,1,4,43,25,13,5,0
Kentucky,Wayne,8,0,5,1,2,35,7,23,5,2
Kentucky,Webster,0,0,0,0,0,21,7,9,5,0
Kentucky,Whitley,9,0,0,1,8,176,78,67,31,0
Kentucky,Wolfe,0,0,0,0,0,18,7,7,4,0
Louisiana,Acadia,109,4,10,8,87,514,192,271,51,0
Louisiana,Ascension,340,3,21,37,279,"1,519",260,"1,150",109,8
Louisiana,Assumption,70,1,6,0,63,215,25,182,8,0
Louisiana,Bossier,64,2,4,1,57,467,99,345,23,1
Louisiana,Caddo,8,1,1,0,6,309,46,245,18,1
Louisiana,Calcasieu,583,4,80,26,473,"3,819",869,"2,669",281,3
Louisiana,De Soto,72,1,6,4,61,358,92,245,21,0
Louisiana,East Baton Rouge,609,18,53,149,389,"6,475",729,"5,433",313,4
Louisiana,East Feliciana,70,4,2,2,62,131,32,85,14,0
Louisiana,Iberville,206,0,2,6,198,335,55,279,1,0
Louisiana,Jefferson,"1,240",45,99,264,832,"9,618","1,079","8,014",525,45
Louisiana,Lafourche,231,12,24,0,195,"2,084",451,"1,530",103,6
Louisiana,Livingston,550,9,53,16,472,"2,948",681,"2,094",173,0
Louisiana,Morehouse,30,2,4,4,20,226,58,142,26,0
Louisiana,Ouachita,425,7,42,39,337,"2,512",599,"1,724",189,7
Louisiana,Plaquemines,37,0,2,1,34,108,20,82,6,1
Louisiana,Pointe Coupee,154,3,3,1,147,286,66,194,26,0
Louisiana,Rapides,326,5,40,21,260,"1,512",554,850,108,8
Louisiana,St. Charles,133,3,4,19,107,762,133,592,37,5
Louisiana,St. Helena,54,5,1,1,47,137,27,101,9,0
Louisiana,St. James,59,2,0,0,57,371,124,226,21,1
Louisiana,St. John the Baptist,93,10,2,0,81,965,175,755,35,1
Louisiana,St. Martin,156,3,21,8,124,627,153,417,57,0
Louisiana,St. Tammany,259,8,32,13,206,"1,485",286,"1,076",123,3
Louisiana,Tangipahoa,688,10,36,78,564,"2,350",647,"1,463",240,8
Louisiana,West Baton Rouge,85,2,6,15,62,545,66,427,52,6
Louisiana,West Feliciana,34,0,3,1,30,60,13,42,5,0
Louisiana,Allen7,19,1,8,0,10,,26,,28,0
Louisiana,Beauregard,18,1,5,0,12,241,55,166,20,1
Louisiana,Bienville,83,0,12,3,68,196,60,118,18,1
Louisiana,Caldwell,38,1,0,0,37,207,60,132,15,0
Louisiana,Claiborne,16,0,0,1,15,51,12,35,4,1
Louisiana,Concordia,73,0,4,18,51,304,95,196,13,0
Louisiana,East Carroll,21,5,3,0,13,28,8,18,2,1
Louisiana,Franklin,58,2,0,1,55,143,32,102,9,0
Louisiana,Jackson,6,0,0,0,6,52,14,34,4,0
Louisiana,La Salle,30,0,2,1,27,66,28,31,7,0
Louisiana,Lincoln,79,0,7,0,72,197,39,147,11,0
Louisiana,Madison,11,1,0,0,10,27,8,18,1,1
Louisiana,Natchitoches,79,2,7,4,66,371,92,245,34,0
Louisiana,Red River,33,0,0,1,32,136,45,84,7,0
Louisiana,Richland,12,1,3,1,7,40,20,18,2,2
Louisiana,Sabine,27,1,8,0,18,194,8,186,0,0
Louisiana,St. Landry,159,4,0,13,142,746,326,370,50,0
Louisiana,St. Mary,121,0,12,9,100,563,121,400,42,1
Louisiana,Tensas,6,0,1,1,4,18,8,9,1,0
Louisiana,Vernon,58,1,8,4,45,451,87,327,37,1
Louisiana,Washington,274,0,48,13,213,657,174,418,65,4
Louisiana,Webster,21,2,7,1,11,151,64,65,22,0
Louisiana,West Carroll,33,1,5,1,26,57,4,48,5,0
Louisiana,Winn,32,2,2,1,27,63,21,24,18,0
Maine,Androscoggin,13,0,5,1,7,100,25,69,6,1
Maine,Cumberland,29,0,9,2,18,285,57,207,21,0
Maine,Penobscot,5,0,0,2,3,226,46,163,17,0
Maine,Sagadahoc6,8,0,1,1,6,58,17,36,5,1
Maine,York,20,0,4,4,12,291,70,209,12,0
Maine,Aroostook,6,0,0,0,6,77,25,48,4,0
Maine,Franklin,6,0,4,0,2,38,7,30,1,0
Maine,Hancock,4,0,1,0,3,72,16,49,7,0
Maine,Kennebec,21,0,4,1,16,174,51,117,6,0
Maine,Knox,5,0,0,0,5,156,21,122,13,1
Maine,Lincoln,25,0,19,0,6,128,29,92,7,0
Maine,Oxford,25,0,13,3,9,223,56,156,11,0
Maine,Piscataquis,4,0,2,0,2,45,10,32,3,0
Maine,Somerset,33,0,14,3,16,296,59,212,25,6
Maine,Waldo6,13,0,0,1,12,75,33,38,4,0
Maine,Washington,14,0,1,0,13,82,26,54,2,0
Maryland,Allegany,43,0,8,4,31,178,51,119,8,
Maryland,Anne Arundel,0,0,0,0,0,0,0,0,0,0
Maryland,Anne Arundel County Police Department,"1,580",16,148,371,"1,045","9,594","1,045","7,986",563,31
Maryland,Baltimore County,0,0,0,0,0,0,0,0,0,0
Maryland,Baltimore County Police Department,"4,718",50,382,"1,155","3,131","20,246","2,539","16,114","1,593",144
Maryland,Calvert,111,0,18,18,75,760,109,618,33,3
Maryland,Cecil,69,2,5,12,50,398,95,273,30,1
Maryland,Charles,539,5,64,118,352,"2,213",284,"1,778",151,9
Maryland,Frederick,196,0,20,23,153,"1,183",153,979,51,9
Maryland,Harford,252,5,32,45,170,"1,624",257,"1,275",92,1
Maryland,Howard,0,0,0,0,0,1,0,1,0,0
Maryland,Howard County Police Department,512,8,57,167,280,"4,303",428,"3,612",263,26
Maryland,Montgomery,7,0,0,0,7,0,0,0,0,0
Maryland,Montgomery County Police Department,"1,491",15,288,512,676,"14,209","1,329","12,016",864,6
Maryland,Prince George's County Police Department6,"1,983",50,185,831,917,"10,750","1,253","7,426","2,071",44
Maryland,Queen Anne's,45,0,5,4,36,317,52,249,16,3
Maryland,Somerset,6,0,1,0,5,40,2,38,0,0
Maryland,St. Mary's,202,1,20,39,142,"1,663",301,"1,297",65,6
Maryland,Washington,254,0,19,30,205,"1,081",261,787,33,0
Maryland,Wicomico,50,0,6,10,34,486,119,350,17,1
Maryland,Worcester,15,0,4,2,9,248,33,207,8,1
Maryland,Caroline,12,0,2,6,4,184,61,112,11,1
Maryland,Dorchester,15,0,2,1,12,137,31,98,8,0
Maryland,Garrett,60,0,11,0,49,159,37,119,3,0
Maryland,Kent,5,0,2,1,2,94,33,58,3,1
Maryland,Talbot,19,0,5,0,14,111,39,70,2,0
Michigan,Bay,68,1,15,7,45,422,80,324,18,1
Michigan,Berrien,117,0,37,7,73,689,106,532,51,8
Michigan,Cass,0,0,0,0,0,0,0,0,0,0
Michigan,Clinton,14,0,5,0,9,97,19,62,16,0
Michigan,Eaton,154,2,46,21,85,981,114,808,59,2
Michigan,Genesee4,155,1,16,5,133,,,347,32,3
Michigan,Ingham,182,2,50,12,118,479,104,336,39,0
Michigan,Ionia,61,1,31,1,28,217,35,164,18,1
Michigan,Kalamazoo,290,2,56,34,198,"2,529",493,"1,814",222,5
Michigan,Kent,390,4,135,30,221,"2,325",333,"1,850",142,7
Michigan,Lapeer,55,1,26,1,27,180,44,112,24,0
Michigan,Livingston,63,0,23,5,35,416,48,347,21,3
Michigan,Macomb,272,1,69,30,172,"1,046",193,758,95,6
Michigan,Midland,47,0,24,0,23,259,53,196,10,0
Michigan,Montcalm,18,0,6,0,12,109,30,74,5,2
Michigan,Muskegon,68,1,29,2,36,421,87,314,20,2
Michigan,Oakland,23,0,6,5,12,37,2,30,5,1
Michigan,Ottawa,571,3,216,32,320,"2,081",331,"1,650",100,22
Michigan,Saginaw,99,0,28,10,61,522,74,435,13,1
Michigan,Shiawassee,15,0,5,0,10,152,49,95,8,1
Michigan,St. Clair,146,1,38,9,98,540,129,372,39,7
Michigan,Washtenaw,574,3,71,55,445,"1,655",268,"1,218",169,8
Michigan,Wayne,20,0,1,0,19,1,0,1,0,0
Michigan,Alcona,10,0,1,0,9,62,12,50,0,0
Michigan,Alger,3,0,0,0,3,2,1,1,0,0
Michigan,Allegan,100,0,14,3,83,535,112,369,54,3
Michigan,Alpena,23,0,9,0,14,51,12,39,0,0
Michigan,Antrim,33,1,12,0,20,130,36,85,9,2
Michigan,Arenac,25,0,7,1,17,71,35,33,3,2
Michigan,Baraga,3,0,0,0,3,15,4,9,2,0
Michigan,Barry,83,2,53,2,26,304,78,205,21,0
Michigan,Benzie,19,0,4,0,15,38,6,28,4,1
Michigan,Branch,13,0,3,0,10,119,38,67,14,1
Michigan,Charlevoix,30,0,12,0,18,96,41,52,3,1
Michigan,Cheboygan,22,0,9,0,13,30,8,21,1,0
Michigan,Chippewa,6,0,3,0,3,11,3,8,0,1
Michigan,Crawford,21,0,5,0,16,95,40,50,5,1
Michigan,Delta,4,0,1,0,3,46,2,41,3,0
Michigan,Dickinson,1,0,1,0,0,0,0,0,0,0
Michigan,Emmet,50,0,10,0,40,72,10,60,2,1
Michigan,Gladwin,31,0,2,0,29,115,49,61,5,2
Michigan,Gogebic,4,0,1,0,3,29,6,22,1,1
Michigan,Grand Traverse,145,2,57,4,82,510,65,430,15,4
Michigan,Gratiot,34,1,12,1,20,273,19,239,15,2
Michigan,Hillsdale,70,0,18,0,52,133,57,60,16,6
Michigan,Huron,16,0,7,1,8,91,31,57,3,1
Michigan,Iosco,3,0,0,0,3,1,0,1,0,0
Michigan,Iron,0,0,0,0,0,0,0,0,0,0
Michigan,Isabella,47,0,20,3,24,256,51,186,19,2
Michigan,Keweenaw,1,0,1,0,0,13,5,8,0,0
Michigan,Leelanau,7,0,2,0,5,39,11,27,1,0
Michigan,Lenawee,45,2,19,2,22,169,54,105,10,4
Michigan,Luce,35,0,1,0,34,84,15,67,2,0
Michigan,Mackinac,10,0,2,0,8,107,9,97,1,0
Michigan,Manistee,39,0,17,0,22,118,19,94,5,2
Michigan,Marquette,15,0,6,1,8,87,3,77,7,1
Michigan,Mason,36,2,7,0,27,138,29,106,3,0
Michigan,Mecosta,99,1,15,1,82,378,85,269,24,9
Michigan,Menominee,19,1,5,0,13,63,34,28,1,0
Michigan,Missaukee,26,0,5,0,21,51,8,40,3,2
Michigan,Montmorency,9,0,1,0,8,17,5,10,2,1
Michigan,Newaygo,40,0,8,0,32,241,80,152,9,2
Michigan,Oceana,46,0,5,0,41,186,56,122,8,1
Michigan,Ogemaw,12,0,4,0,8,138,42,94,2,1
Michigan,Ontonagon,8,0,0,0,8,14,3,8,3,0
Michigan,Osceola,31,0,13,0,18,140,34,98,8,0
Michigan,Oscoda,18,0,7,0,11,74,18,47,9,1
Michigan,Otsego,0,0,0,0,0,2,1,1,0,0
Michigan,Presque Isle,10,0,2,0,8,33,6,23,4,0
Michigan,Sanilac,34,0,3,2,29,87,34,41,12,0
Michigan,Schoolcraft,1,0,0,0,1,4,0,3,1,0
Michigan,St. Joseph,67,1,15,2,49,224,81,113,30,2
Michigan,Tuscola,61,1,18,1,41,160,56,91,13,1
Michigan,Van Buren,97,1,32,1,63,376,114,231,31,3
Michigan,Wexford,25,0,15,0,10,260,92,153,15,0
Minnesota,Anoka6,75,0,18,7,50,936,112,731,93,0
Minnesota,Benton,9,0,5,1,3,173,41,101,31,1
Minnesota,Blue Earth,24,0,8,0,16,105,25,66,14,0
Minnesota,Carlton,12,0,4,0,8,166,56,93,17,1
Minnesota,Carver,38,0,16,4,18,497,77,401,19,1
Minnesota,Chisago,12,0,0,2,10,152,18,119,15,0
Minnesota,Clay,7,0,1,2,4,58,22,29,7,0
Minnesota,Dakota,17,0,2,0,15,48,13,34,1,1
Minnesota,Dodge6,11,0,1,0,10,104,27,71,6,0
Minnesota,Fillmore,9,0,2,0,7,59,11,46,2,1
Minnesota,Hennepin,20,0,0,0,20,44,5,35,4,0
Minnesota,Houston6,5,0,0,0,5,29,15,13,1,0
Minnesota,Isanti,15,0,4,0,11,232,43,165,24,1
Minnesota,Lake,0,0,0,0,0,19,14,5,0,0
Minnesota,Le Sueur,4,0,2,0,2,60,4,53,3,0
Minnesota,Mille Lacs,34,0,14,2,18,354,94,225,35,0
Minnesota,Nicollet,7,0,6,1,0,52,13,37,2,0
Minnesota,Olmsted6,40,1,3,3,33,228,57,153,18,2
Minnesota,Polk6,34,1,4,0,29,167,49,112,6,0
Minnesota,Ramsey,141,1,22,27,91,"1,249",158,930,161,8
Minnesota,Scott,4,0,0,0,4,25,8,15,2,0
Minnesota,Sherburne,30,2,5,1,22,272,26,226,20,2
Minnesota,Stearns,21,0,12,1,8,164,32,124,8,0
Minnesota,St. Louis6,50,1,22,0,27,566,208,303,55,5
Minnesota,Wabasha,7,0,1,0,6,22,3,16,3,0
Minnesota,Washington,52,0,27,7,18,579,116,428,35,2
Minnesota,Wright,98,0,45,3,50,"1,396",127,"1,204",65,3
Minnesota,Aitkin6,11,1,3,0,7,167,59,99,9,0
Minnesota,Becker,29,0,11,0,18,134,57,59,18,2
Minnesota,Beltrami,50,2,13,2,33,268,74,164,30,3
Minnesota,Big Stone,0,0,0,0,0,14,5,7,2,0
Minnesota,Brown6,5,0,2,0,3,31,6,21,4,0
Minnesota,Cass6,37,1,5,3,28,486,143,293,50,1
Minnesota,Chippewa,2,0,0,0,2,1,0,1,0,0
Minnesota,Clearwater,10,0,1,0,9,47,19,24,4,1
Minnesota,Cook,10,0,5,0,5,47,6,36,5,0
Minnesota,Cottonwood6,2,0,0,0,2,13,6,3,4,0
Minnesota,Crow Wing,15,0,6,0,9,210,71,121,18,1
Minnesota,Douglas,18,0,4,1,13,180,50,114,16,1
Minnesota,Faribault,12,0,0,0,12,27,8,11,8,0
Minnesota,Freeborn,11,0,1,0,10,84,28,48,8,6
Minnesota,Goodhue,10,0,4,0,6,171,39,103,29,0
Minnesota,Grant,2,0,0,0,2,6,1,5,0,0
Minnesota,Hubbard,18,0,9,0,9,170,46,105,19,1
Minnesota,Itasca6,46,1,15,0,30,134,35,79,20,3
Minnesota,Jackson6,6,0,0,0,6,30,11,16,3,0
Minnesota,Kandiyohi,25,0,10,1,14,170,32,121,17,1
Minnesota,Kittson,0,0,0,0,0,0,0,0,0,0
Minnesota,Koochiching,6,0,1,0,5,32,7,19,6,0
Minnesota,Lac qui Parle6,0,0,0,0,0,20,3,14,3,0
Minnesota,Lake of the Woods,6,0,1,0,5,9,4,3,2,0
Minnesota,Lyon6,4,0,1,0,3,34,13,15,6,1
Minnesota,Mahnomen,10,0,1,0,9,42,14,23,5,1
Minnesota,Martin,0,0,0,0,0,14,5,7,2,0
Minnesota,McLeod,11,0,6,0,5,55,10,40,5,0
Minnesota,Meeker,4,0,0,1,3,103,21,77,5,0
Minnesota,Morrison,10,0,0,0,10,195,45,128,22,1
Minnesota,Mower,9,0,2,0,7,68,18,40,10,0
Minnesota,Murray6,2,0,0,0,2,6,1,5,0,0
Minnesota,Nobles,6,0,1,0,5,35,10,21,4,0
Minnesota,Norman,0,0,0,0,0,0,0,0,0,0
Minnesota,Otter Tail,30,0,8,1,21,214,65,135,14,0
Minnesota,Pennington,2,0,0,1,1,45,21,20,4,0
Minnesota,Pine,138,0,42,3,93,563,126,374,63,4
Minnesota,Pipestone,5,0,0,0,5,80,14,64,2,0
Minnesota,Pope,6,0,1,1,4,49,18,26,5,0
Minnesota,Red Lake6,3,0,2,0,1,16,0,15,1,0
Minnesota,Redwood,6,0,0,0,6,44,9,32,3,0
Minnesota,Renville,5,0,2,0,3,81,18,55,8,0
Minnesota,Rice,18,0,7,1,10,142,42,92,8,0
Minnesota,Rock,7,0,1,0,6,57,14,29,14,0
Minnesota,Roseau,6,0,2,0,4,31,2,27,2,0
Minnesota,Sibley,2,0,0,0,2,1,1,0,0,0
Minnesota,Steele,12,0,3,2,7,76,17,48,11,0
Minnesota,Stevens,2,0,1,0,1,33,9,24,0,0
Minnesota,Swift,2,0,0,1,1,2,0,1,1,0
Minnesota,Todd6,17,2,7,0,8,140,39,91,10,1
Minnesota,Traverse6,6,0,1,0,5,12,1,6,5,0
Minnesota,Wadena,10,0,2,0,8,10,1,8,1,0
Minnesota,Waseca,4,0,3,0,1,55,13,41,1,0
Minnesota,Watonwan6,8,0,5,0,3,26,15,10,1,1
Minnesota,Wilkin,0,0,0,0,0,20,6,11,3,0
Minnesota,Winona,6,0,2,0,4,79,14,60,5,0
Minnesota,Yellow Medicine,3,0,1,0,2,35,8,24,3,1
Mississippi,DeSoto,35,2,7,4,22,359,86,228,45,1
Mississippi,Hancock,28,0,2,6,20,516,108,354,54,1
Mississippi,Harrison,60,2,12,17,29,869,172,559,138,4
Mississippi,Hinds,111,5,6,6,94,383,150,169,64,0
Mississippi,Jackson,135,1,30,11,93,"1,388",292,860,236,7
Mississippi,Lamar,87,3,20,10,54,637,166,434,37,2
Mississippi,Madison8,,2,,3,28,223,78,125,20,2
Mississippi,Stone,47,1,15,1,30,174,56,96,22,3
Mississippi,Tunica8,,4,,7,25,383,72,261,50,2
Mississippi,Choctaw,6,1,1,0,4,57,14,40,3,0
Mississippi,Claiborne,21,2,1,1,17,87,62,8,17,0
Mississippi,George6,21,0,7,0,14,315,82,184,49,5
Mississippi,Lauderdale,27,2,4,8,13,410,230,139,41,10
Mississippi,Leflore8,,4,,15,67,250,71,163,16,4
Mississippi,Lincoln,31,0,1,11,19,299,86,203,10,0
Mississippi,Oktibbeha8,,0,,3,33,464,319,135,10,5
Mississippi,Tishomingo,15,0,6,1,8,115,43,57,15,0
Missouri,Andrew,1,0,0,0,1,41,12,24,5,0
Missouri,Bates,34,0,6,1,27,120,51,69,0,0
Missouri,Buchanan,41,0,17,2,22,213,38,113,62,4
Missouri,Caldwell,20,2,0,0,18,87,21,54,12,0
Missouri,Christian,64,0,5,1,58,250,85,137,28,
Missouri,Clinton,16,0,4,1,11,53,12,36,5,0
Missouri,Cole,34,1,0,1,32,381,62,286,33,1
Missouri,Dallas,5,0,0,0,5,23,6,12,5,0
Missouri,DeKalb,5,1,0,0,4,51,16,25,10,1
Missouri,Franklin7,37,0,4,2,31,,,135,55,3
Missouri,Howard6,17,0,2,1,14,35,8,22,5,0
Missouri,Jefferson,386,3,36,27,320,"2,722",621,"1,656",445,12
Missouri,Platte,48,0,15,1,32,290,54,186,50,1
Missouri,Polk,34,0,9,0,25,326,100,201,25,0
Missouri,St. Charles6,0,0,0,0,0,0,0,0,0,0
Missouri,St. Charles County Police Department6,139,2,22,13,102,757,129,547,81,6
Missouri,St. Louis County Police Department,"1,821",44,188,342,"1,247","8,077","1,365","5,390","1,322",58
Missouri,Webster,9,1,0,0,8,178,61,97,20,0
Missouri,Adair,5,0,0,0,5,97,45,45,7,1
Missouri,Benton,22,2,1,0,19,214,70,114,30,
Missouri,Camden6,89,1,18,2,68,413,187,186,40,2
Missouri,Carroll,6,0,1,0,5,32,12,9,11,0
Missouri,Carter6,21,0,2,0,19,54,23,20,11,0
Missouri,Cedar,36,0,3,0,33,53,16,37,0,1
Missouri,Dade,45,0,0,0,45,65,25,36,4,1
Missouri,Daviess,17,0,0,0,17,29,10,14,5,0
Missouri,Dent,12,1,5,1,5,71,46,22,3,
Missouri,Gasconade,49,1,0,1,47,178,51,94,33,0
Missouri,Gentry,1,0,0,0,1,30,14,11,5,0
Missouri,Grundy,2,0,0,0,2,15,7,7,1,0
Missouri,Harrison,3,0,0,0,3,33,17,12,4,0
Missouri,Henry,78,0,5,1,72,267,117,112,38,9
Missouri,Hickory,1,0,0,0,1,81,29,43,9,0
Missouri,Howell,70,1,0,2,67,349,69,188,92,0
Missouri,Iron,4,0,1,0,3,63,21,28,14,
Missouri,Laclede,49,0,13,1,35,333,86,197,50,1
Missouri,Lawrence,17,1,2,3,11,224,69,130,25,0
Missouri,Linn,8,0,0,0,8,20,7,11,2,0
Missouri,Livingston,2,0,0,0,2,26,8,17,1,0
Missouri,Macon,4,0,2,1,1,66,30,35,1,0
Missouri,Madison,0,0,0,0,0,0,0,0,0,0
Missouri,Mercer,0,0,0,0,0,2,1,1,0,0
Missouri,Oregon,29,0,3,0,26,91,43,33,15,0
Missouri,Ozark,20,0,2,0,18,45,21,18,6,0
Missouri,Pemiscot,22,2,4,2,14,80,26,43,11,
Missouri,Perry,31,0,0,0,31,39,19,13,7,0
Missouri,Pulaski,157,0,12,4,141,346,103,205,38,0
Missouri,Ralls,30,0,0,1,29,82,30,43,9,0
Missouri,Randolph,11,0,1,0,10,101,31,57,13,1
Missouri,Schuyler,4,1,0,0,3,36,6,25,5,0
Missouri,Shannon,17,0,2,0,15,22,4,13,5,1
Missouri,Shelby,3,0,1,0,2,8,3,4,1,0
Missouri,St. Clair,15,0,2,2,11,111,32,64,15,2
Missouri,Ste. Genevieve,53,0,7,0,46,128,23,88,17,0
Missouri,Stoddard6,52,0,5,3,44,214,66,126,22,0
Missouri,Taney,82,0,4,6,72,298,73,174,51,2
Missouri,Texas,39,1,1,2,35,131,46,54,31,1
Missouri,Wayne,23,0,2,0,21,171,58,91,22,2
Missouri,Worth,6,0,0,0,6,6,0,4,2,0
Montana,Carbon,21,0,2,1,18,43,10,25,8,0
Montana,Cascade4,,,4,3,69,248,57,157,34,4
Montana,Stillwater,18,0,3,0,15,52,8,36,8,1
Montana,Yellowstone,143,3,18,6,116,656,85,482,89,4
Montana,Beaverhead,3,0,0,0,3,4,2,2,0,0
Montana,Big Horn,53,0,6,2,45,46,2,36,8,1
Montana,Broadwater,27,0,5,0,22,31,6,22,3,0
Montana,Butte-Silver Bow,120,0,9,6,105,"1,372",154,"1,070",148,4
Montana,Carter,0,0,0,0,0,0,0,0,0,0
Montana,Custer,6,0,0,0,6,29,2,21,6,0
Montana,Dawson,10,0,2,0,8,12,4,7,1,1
Montana,Deer Lodge,13,0,1,0,12,268,66,176,26,1
Montana,Fergus,13,0,2,0,11,32,3,20,9,2
Montana,Flathead,191,2,36,6,147,862,141,622,99,4
Montana,Gallatin,86,0,25,0,61,392,25,333,34,1
Montana,Garfield,0,0,0,0,0,0,0,0,0,0
Montana,Golden Valley,2,0,0,0,2,7,3,4,0,0
Montana,Hill,22,1,3,1,17,146,10,119,17,4
Montana,Jefferson,23,0,2,0,21,83,27,42,14,0
Montana,Lake,81,3,10,1,67,260,52,163,45,3
Montana,Lewis and Clark,63,1,12,1,49,330,74,201,55,3
Montana,Lincoln,22,0,2,0,20,69,6,56,7,0
Montana,Madison,10,0,2,0,8,50,11,31,8,1
Montana,McCone,0,0,0,0,0,4,1,3,0,0
Montana,Meagher,6,0,0,0,6,8,3,5,0,0
Montana,Musselshell,11,0,1,0,10,28,2,21,5,2
Montana,Park,12,0,6,0,6,26,2,21,3,0
Montana,Phillips,15,0,2,0,13,52,8,34,10,0
Montana,Powell,12,1,3,0,8,19,4,8,7,1
Montana,Prairie,11,0,0,0,11,1,0,1,0,1
Montana,Ravalli,65,0,11,0,54,266,50,196,20,3
Montana,Richland,14,0,1,0,13,32,7,20,5,0
Montana,Roosevelt,60,0,3,3,54,65,26,26,13,2
Montana,Sanders,5,0,1,0,4,35,5,27,3,0
Montana,Sweet Grass,20,1,3,0,16,46,2,36,8,0
Montana,Teton,9,0,3,0,6,28,5,18,5,0
Montana,Toole,30,0,4,0,26,51,4,43,4,0
Montana,Valley,22,0,3,0,19,15,1,13,1,0
Montana,Wheatland,9,0,0,0,9,7,0,6,1,0
Nebraska,Cass,27,0,12,1,14,138,13,104,21,1
Nebraska,Dixon,2,0,0,0,2,30,8,18,4,0
Nebraska,Douglas,71,1,18,6,46,605,155,384,66,5
Nebraska,Hall,35,0,2,1,32,113,31,73,9,0
Nebraska,Lancaster,20,0,15,0,5,146,41,86,19,
Nebraska,Merrick,3,0,1,0,2,3,1,1,1,0
Nebraska,Sarpy,35,0,17,3,15,798,57,631,110,0
Nebraska,Saunders,8,0,1,0,7,65,23,34,8,0
Nebraska,Seward,3,0,0,0,3,16,7,4,5,1
Nebraska,Washington,2,0,0,0,2,79,15,56,8,0
Nebraska,Adams,4,0,2,0,2,72,13,54,5,0
Nebraska,Arthur,0,0,0,0,0,0,0,0,0,
Nebraska,Boone,2,0,1,0,1,15,4,10,1,1
Nebraska,Box Butte,4,0,0,0,4,14,2,8,4,
Nebraska,Buffalo,13,1,4,0,8,87,20,58,9,2
Nebraska,Burt6,3,0,1,0,2,20,10,7,3,
Nebraska,Butler,6,0,2,0,4,28,8,15,5,0
Nebraska,Cedar,3,0,0,0,3,27,0,23,4,
Nebraska,Chase6,2,1,0,0,1,6,3,2,1,0
Nebraska,Cherry,2,0,0,0,2,9,2,3,4,
Nebraska,Cheyenne,7,0,1,0,6,14,1,11,2,1
Nebraska,Colfax,9,0,3,0,6,27,4,21,2,1
Nebraska,Cuming,6,0,4,0,2,3,1,1,1,0
Nebraska,Custer,6,0,2,0,4,35,3,29,3,0
Nebraska,Dawson,18,1,4,0,13,36,16,19,1,0
Nebraska,Deuel,4,0,0,0,4,5,0,5,0,0
Nebraska,Dodge,3,0,1,0,2,92,26,59,7,
Nebraska,Fillmore,5,0,3,0,2,16,4,11,1,0
Nebraska,Franklin,0,0,0,0,0,10,2,6,2,
Nebraska,Frontier,3,0,1,0,2,24,3,20,1,0
Nebraska,Furnas,7,0,2,0,5,57,13,35,9,0
Nebraska,Gage,11,0,0,1,10,77,16,54,7,0
Nebraska,Gosper,2,0,0,0,2,9,1,7,1,0
Nebraska,Greeley6,0,0,0,0,0,0,0,0,0,0
Nebraska,Hamilton,2,0,1,0,1,20,5,12,3,0
Nebraska,Holt6,1,0,1,0,0,2,0,2,0,0
Nebraska,Hooker6,0,0,0,0,0,0,0,0,0,0
Nebraska,Jefferson,14,0,2,0,12,95,28,62,5,0
Nebraska,Johnson,5,0,2,0,3,39,6,25,8,1
Nebraska,Kearney,6,0,4,0,2,40,13,23,4,0
Nebraska,Keith,3,0,0,0,3,17,1,14,2,0
Nebraska,Keya Paha,2,0,0,0,2,0,0,0,0,
Nebraska,Knox6,0,0,0,0,0,29,3,16,10,
Nebraska,Lincoln,16,0,5,2,9,66,20,36,10,0
Nebraska,Madison,10,0,3,0,7,19,4,14,1,0
Nebraska,Nemaha,10,0,3,2,5,17,5,8,4,0
Nebraska,Perkins,0,0,0,0,0,24,4,17,3,0
Nebraska,Platte,8,0,2,0,6,69,11,50,8,0
Nebraska,Polk,0,0,0,0,0,20,1,19,0,0
Nebraska,Saline,7,0,0,0,7,46,13,29,4,1
Nebraska,Scotts Bluff,10,0,2,0,8,54,16,28,10,0
Nebraska,Sherman,5,0,0,0,5,23,5,18,0,0
Nebraska,Stanton,2,1,0,0,1,29,1,22,6,
Nebraska,Thayer6,4,0,2,0,2,25,8,12,5,0
Nebraska,Thurston,7,0,1,0,6,13,5,7,1,0
Nebraska,Valley,5,0,3,0,2,4,0,1,3,0
Nebraska,Wayne,6,0,1,0,5,10,5,2,3,1
Nebraska,Wheeler,0,0,0,0,0,1,0,1,0,0
Nebraska,York,3,0,3,0,0,21,2,14,5,0
Nevada,Storey,31,0,5,1,25,74,20,47,7,0
Nevada,Washoe6,223,2,32,18,171,616,160,370,86,7
Nevada,Churchill,20,0,11,0,9,186,56,113,17,2
Nevada,Elko,57,1,11,0,45,176,40,111,25,1
Nevada,Esmeralda,6,0,1,1,4,6,1,4,1,1
Nevada,Eureka,22,0,4,0,18,27,13,11,3,0
Nevada,Humboldt,26,0,1,2,23,76,41,29,6,
Nevada,Lander,62,2,23,0,37,56,25,26,5,2
Nevada,Lyon,179,0,18,7,154,522,102,349,71,4
Nevada,Mineral,4,0,1,0,3,48,3,38,7,3
Nevada,Nye,113,2,5,21,85,715,167,404,144,0
Nevada,Pershing,26,1,11,1,13,39,11,22,6,
New Hampshire,Rockingham,0,0,0,0,0,3,0,3,0,0
New Hampshire,Strafford,3,0,1,0,2,4,0,3,1,1
New Hampshire,Carroll,4,0,0,0,4,49,7,38,4,0
New Hampshire,Cheshire,0,0,0,0,0,7,2,5,0,0
New Hampshire,Grafton,4,0,4,0,0,4,0,4,0,0
New Hampshire,Merrimack,1,0,1,0,0,1,1,0,0,0
New Jersey,Atlantic,0,0,0,0,0,0,0,0,0,0
New Jersey,Bergen,2,0,2,0,0,46,2,44,0,0
New Jersey,Burlington,0,0,0,0,0,0,0,0,0,0
New Jersey,Camden,2,0,0,0,2,44,4,38,2,0
New Jersey,Cape May,0,0,0,0,0,0,0,0,0,0
New Jersey,Cumberland,0,0,0,0,0,1,0,1,0,0
New Jersey,Essex,131,0,9,35,87,135,5,127,3,8
New Jersey,Gloucester,0,0,0,0,0,0,0,0,0,0
New Jersey,Hudson,0,0,0,0,0,0,0,0,0,0
New Jersey,Hunterdon,0,0,0,0,0,0,0,0,0,0
New Jersey,Mercer,2,0,0,0,2,14,1,6,7,0
New Jersey,Middlesex,0,0,0,0,0,0,0,0,0,0
New Jersey,Monmouth,7,0,0,0,7,1,0,1,0,0
New Jersey,Morris,0,0,0,0,0,0,0,0,0,0
New Jersey,Ocean,0,0,0,0,0,8,0,8,0,0
New Jersey,Passaic,0,0,0,0,0,0,0,0,0,0
New Jersey,Salem,0,0,0,0,0,0,0,0,0,0
New Jersey,Somerset,1,0,0,0,1,1,0,1,0,0
New Jersey,Sussex,0,0,0,0,0,0,0,0,0,0
New Jersey,Union,0,0,0,0,0,0,0,0,0,0
New Jersey,Warren,0,0,0,0,0,0,0,0,0,0
New Mexico,Sandoval,144,0,1,1,142,102,43,59,0,
New Mexico,Santa Fe,103,0,6,7,90,414,258,156,0,
New Mexico,Torrance,65,0,5,1,59,105,57,25,23,
New Mexico,Valencia,376,3,17,6,350,907,315,421,171,
New Mexico,Catron,1,0,0,0,1,15,9,6,0,
New Mexico,Chaves,54,3,9,3,39,223,90,98,35,
New Mexico,Cibola,12,0,2,0,10,37,14,16,7,
New Mexico,Colfax,3,0,0,0,3,8,5,3,0,
New Mexico,De Baca,4,0,1,0,3,15,11,2,2,
New Mexico,Grant,24,0,5,0,19,112,52,60,0,
New Mexico,Guadalupe,0,0,0,0,0,6,0,6,0,
New Mexico,Hidalgo,10,0,0,0,10,17,5,7,5,
New Mexico,Lea,60,4,4,5,47,342,112,160,70,
New Mexico,Lincoln,43,2,1,2,38,118,52,55,11,
New Mexico,Luna,63,0,1,1,61,222,97,98,27,
New Mexico,McKinley,183,1,0,7,175,222,89,86,47,
New Mexico,Otero,149,0,13,2,134,272,108,138,26,
New Mexico,Quay,1,0,0,0,1,13,6,7,0,
New Mexico,San Miguel,0,0,0,0,0,2,0,2,0,
New Mexico,Sierra,43,1,7,0,35,71,26,41,4,
New Mexico,Socorro,15,0,0,1,14,61,13,42,6,
New Mexico,Taos,28,2,2,2,22,93,43,30,20,
New Mexico,Union,2,0,0,0,2,15,3,10,2,
New York,Albany,25,1,4,1,19,121,21,90,10,0
New York,Broome,51,0,22,11,18,486,60,403,23,1
New York,Chemung,9,0,2,0,7,221,18,198,5,0
New York,Dutchess,38,0,12,6,20,353,48,279,26,2
New York,Erie,50,0,0,2,48,505,72,411,22,7
New York,Herkimer,0,0,0,0,0,1,1,0,0,0
New York,Jefferson,28,0,5,0,23,227,18,204,5,1
New York,Livingston,32,0,14,3,15,283,31,250,2,1
New York,Madison,20,0,6,0,14,85,15,68,2,0
New York,Monroe,209,0,44,42,123,"2,341",264,"2,001",76,2
New York,Nassau,"1,179",9,40,339,791,"9,655",583,"8,677",395,35
New York,Niagara,56,0,14,6,36,475,78,372,25,0
New York,Oneida,70,0,48,3,19,309,53,240,16,0
New York,Onondaga,191,0,49,29,113,"1,518",210,"1,204",104,9
New York,Ontario,69,2,26,5,36,669,87,571,11,0
New York,Orleans,15,0,6,1,8,115,19,87,9,0
New York,Oswego,33,1,17,3,12,268,40,202,26,0
New York,Putnam,18,0,4,4,10,127,15,108,4,0
New York,Rensselaer,18,0,5,5,8,230,21,199,10,1
New York,Schoharie,5,0,1,0,4,18,2,13,3,3
New York,Suffolk,34,0,0,0,34,0,0,0,0,0
New York,Suffolk County Police Department,"1,183",24,159,281,719,"14,828",891,"13,161",776,42
New York,Tioga,7,0,5,1,1,140,45,89,6,1
New York,Ulster,21,0,6,1,14,145,25,115,5,0
New York,Washington,30,0,26,1,3,67,12,55,0,0
New York,Wayne,63,0,16,7,40,333,81,237,15,3
New York,Westchester Public Safety,30,0,1,2,27,199,10,182,7,2
New York,Yates,12,0,3,0,9,98,31,66,1,0
New York,Allegany,3,0,0,0,3,7,0,3,4,0
New York,Cattaraugus,48,0,13,0,35,202,44,136,22,6
New York,Chautauqua,33,1,16,2,14,428,148,266,14,9
New York,Chenango,32,0,15,1,16,274,71,194,9,1
New York,Clinton,11,0,0,0,11,34,3,31,0,0
New York,Columbia,25,1,6,1,17,251,54,189,8,3
New York,Delaware,22,0,12,0,10,151,46,100,5,0
New York,Essex,2,0,0,0,2,4,0,4,0,0
New York,Franklin,0,0,0,0,0,0,0,0,0,0
New York,Fulton,22,0,9,1,12,288,34,247,7,0
New York,Greene,13,0,2,3,8,26,7,19,0,2
New York,Hamilton,1,0,0,0,1,6,1,5,0,0
New York,Lewis,12,0,4,0,8,54,18,33,3,0
New York,Montgomery,6,0,0,1,5,212,8,192,12,1
New York,Otsego,13,0,5,0,8,29,3,24,2,1
New York,Schuyler,5,0,1,0,4,10,2,7,1,0
New York,Seneca,2,0,1,0,1,43,2,41,0,0
New York,Steuben,9,0,2,0,7,47,13,31,3,1
New York,St. Lawrence,11,0,2,1,8,25,8,15,2,0
New York,Sullivan,27,0,6,1,20,273,34,234,5,1
New York,Wyoming,17,0,7,1,9,96,20,76,0,0
North Carolina,Alamance,118,3,11,10,94,649,230,368,51,4
North Carolina,Alexander,86,8,27,1,50,429,138,247,44,3
North Carolina,Anson,26,3,4,3,16,181,92,82,7,1
North Carolina,Buncombe,219,0,14,27,178,"1,830",520,"1,071",239,19
North Carolina,Burke,110,4,16,9,81,"1,045",349,553,143,3
North Carolina,Cabarrus,38,2,3,8,25,640,156,435,49,6
North Carolina,Caldwell,75,2,18,9,46,"1,199",439,594,166,13
North Carolina,Camden,11,0,0,1,10,74,32,38,4,1
North Carolina,Chatham,60,0,13,6,41,478,173,278,27,9
North Carolina,Craven,119,4,8,11,96,919,399,436,84,3
North Carolina,Cumberland,458,3,43,65,347,"1,964",494,"1,324",146,63
North Carolina,Currituck,63,0,8,1,54,268,69,187,12,2
North Carolina,Franklin,77,1,8,5,63,616,198,368,50,4
North Carolina,Gaston,17,0,0,0,17,5,0,4,1,0
North Carolina,Granville,57,1,5,3,48,316,99,198,19,3
North Carolina,Guilford,206,3,8,28,167,"1,063",399,561,103,14
North Carolina,Haywood,118,0,21,2,95,835,366,405,64,6
North Carolina,Iredell,121,2,5,10,104,780,361,356,63,7
North Carolina,Johnston,152,3,16,17,116,"1,463",404,950,109,11
North Carolina,Lincoln,131,1,14,10,106,943,214,655,74,5
North Carolina,Madison,14,0,2,0,12,178,74,82,22,4
North Carolina,New Hanover,179,0,25,24,130,"1,593",264,"1,269",60,14
North Carolina,Onslow,214,3,26,19,166,"1,773",504,"1,161",108,13
North Carolina,Pamlico,25,0,5,0,20,206,60,127,19,1
North Carolina,Person,56,0,2,2,52,357,151,185,21,6
North Carolina,Pitt,138,3,8,22,105,915,315,541,59,6
North Carolina,Rockingham,70,1,22,10,37,700,232,415,53,0
North Carolina,Rowan,149,4,16,16,113,999,265,636,98,11
North Carolina,Union,235,3,77,23,132,"1,987",419,"1,449",119,7
North Carolina,Wake,215,6,16,24,169,"1,376",375,857,144,22
North Carolina,Wayne,206,2,2,24,178,"1,181",458,574,149,6
North Carolina,Yadkin,66,1,11,4,50,451,130,286,35,4
North Carolina,Alleghany,19,0,11,1,7,72,26,39,7,1
North Carolina,Ashe,57,0,14,1,42,151,68,71,12,1
North Carolina,Avery,18,0,2,0,16,179,92,79,8,2
North Carolina,Bladen,65,0,3,4,58,481,158,273,50,5
North Carolina,Carteret,69,2,16,3,48,640,199,408,33,4
North Carolina,Cherokee,68,0,13,4,51,763,228,477,58,7
North Carolina,Chowan,21,0,3,1,17,95,47,42,6,0
North Carolina,Dare,12,1,3,0,8,239,53,176,10,1
North Carolina,Greene,60,4,24,2,30,304,131,145,28,1
North Carolina,Hertford,28,5,4,11,8,184,62,102,20,2
North Carolina,Macon,25,0,5,1,19,476,136,307,33,4
North Carolina,McDowell,59,1,8,5,45,881,380,411,90,12
North Carolina,Mitchell,2,0,0,1,1,55,24,28,3,1
North Carolina,Moore,62,1,9,7,45,580,173,385,22,3
North Carolina,Pasquotank,64,0,6,7,51,233,93,118,22,4
North Carolina,Richmond,178,2,21,27,128,"1,007",411,505,91,11
North Carolina,Robeson,717,22,12,90,593,"2,525","1,238","1,110",177,39
North Carolina,Sampson,195,4,22,24,145,877,425,385,67,12
North Carolina,Scotland,59,1,5,12,41,325,170,128,27,8
North Carolina,Stanly,24,1,3,2,18,481,203,240,38,2
North Carolina,Swain,27,2,4,2,19,242,118,91,33,0
North Carolina,Transylvania,38,0,14,0,24,257,78,163,16,3
North Carolina,Tyrrell,4,0,1,0,3,23,10,12,1,0
North Carolina,Vance,125,4,12,8,101,546,206,299,41,13
North Carolina,Warren,40,4,8,5,23,216,101,101,14,2
North Carolina,Watauga,30,4,2,1,23,266,85,159,22,3
North Carolina,Wilkes,132,3,27,8,94,676,241,349,86,8
North Carolina,Yancey,5,0,0,1,4,47,17,26,4,1
North Dakota,Burleigh,12,0,5,0,7,97,23,60,14,1
North Dakota,Cass,18,0,4,2,12,141,49,71,21,1
North Dakota,Grand Forks,15,0,4,0,11,89,18,52,19,0
North Dakota,Morton,3,0,0,0,3,113,18,85,10,1
North Dakota,Oliver,0,0,0,0,0,3,1,1,1,0
North Dakota,Adams,2,0,1,0,1,9,2,6,1,0
North Dakota,Barnes,2,0,0,0,2,18,6,10,2,0
North Dakota,Benson,1,0,0,0,1,13,2,7,4,0
North Dakota,Billings,0,0,0,0,0,6,1,5,0,0
North Dakota,Bottineau,4,0,4,0,0,55,14,29,12,0
North Dakota,Bowman,1,0,1,0,0,10,3,3,4,0
North Dakota,Burke,0,0,0,0,0,2,2,0,0,0
North Dakota,Cavalier,2,0,1,0,1,11,3,6,2,0
North Dakota,Dickey,0,0,0,0,0,8,4,4,0,0
North Dakota,Divide,2,0,1,0,1,6,0,5,1,0
North Dakota,Dunn,5,0,1,0,4,14,3,9,2,0
North Dakota,Eddy,1,0,1,0,0,20,3,13,4,0
North Dakota,Emmons,3,0,1,0,2,28,7,20,1,0
North Dakota,Foster,0,0,0,0,0,10,1,4,5,0
North Dakota,Golden Valley,0,0,0,0,0,0,0,0,0,0
North Dakota,Grant,1,0,1,0,0,5,1,4,0,0
North Dakota,Griggs,3,0,2,0,1,6,1,4,1,0
North Dakota,Hettinger,1,0,0,0,1,22,2,15,5,0
North Dakota,Kidder,0,0,0,0,0,7,3,4,0,0
North Dakota,Lamoure,3,0,0,0,3,4,1,2,1,0
North Dakota,Logan,2,0,0,0,2,0,0,0,0,0
North Dakota,McHenry,6,0,2,0,4,34,7,20,7,1
North Dakota,McIntosh,0,0,0,0,0,0,0,0,0,0
North Dakota,McKenzie,15,0,8,0,7,167,25,114,28,1
North Dakota,McLean,12,0,3,0,9,79,21,52,6,0
North Dakota,Mercer,1,0,1,0,0,16,10,5,1,0
North Dakota,Mountrail,2,1,1,0,0,58,4,48,6,0
North Dakota,Nelson,5,0,0,0,5,15,4,9,2,0
North Dakota,Pembina,6,0,0,0,6,36,11,20,5,0
North Dakota,Pierce,0,0,0,0,0,11,3,7,1,0
North Dakota,Ramsey,3,0,1,0,2,18,2,12,4,0
North Dakota,Ransom,3,1,0,0,2,26,11,9,6,1
North Dakota,Renville,2,0,1,0,1,24,5,17,2,0
North Dakota,Richland,8,0,0,0,8,94,27,51,16,0
North Dakota,Rolette,4,0,1,0,3,38,9,23,6,0
North Dakota,Sargent,7,0,1,0,6,21,10,10,1,2
North Dakota,Sheridan,1,0,0,0,1,4,1,3,0,0
North Dakota,Sioux,0,0,0,0,0,0,0,0,0,0
North Dakota,Slope,0,0,0,0,0,1,1,0,0,0
North Dakota,Stark,5,0,0,0,5,55,9,42,4,1
North Dakota,Steele,0,0,0,0,0,1,0,1,0,0
North Dakota,Stutsman,2,0,1,0,1,33,11,12,10,0
North Dakota,Towner,0,0,0,0,0,16,3,9,4,1
North Dakota,Traill,3,0,1,0,2,54,18,28,8,2
North Dakota,Walsh,7,1,2,0,4,96,35,52,9,0
North Dakota,Ward,38,1,9,2,26,182,65,82,35,5
North Dakota,Wells,3,0,1,0,2,7,5,1,1,1
North Dakota,Williams,15,0,5,0,10,166,37,102,27,1
Ohio,Allen,38,1,14,13,10,582,115,437,30,4
Ohio,Belmont,42,0,12,3,27,205,35,151,19,2
Ohio,Carroll,2,0,0,0,2,71,21,41,9,0
Ohio,Clermont,111,0,23,3,85,897,269,582,46,1
Ohio,Fairfield,52,0,14,5,33,"1,039",139,855,45,2
Ohio,Fulton,14,0,5,2,7,167,32,132,3,1
Ohio,Geauga,10,0,6,1,3,134,28,94,12,0
Ohio,Greene,36,0,12,4,20,348,86,240,22,3
Ohio,Hamilton,176,4,69,22,81,"2,025",235,"1,621",169,13
Ohio,Hocking,28,4,6,2,16,346,108,210,28,3
Ohio,Jefferson,10,0,1,0,9,44,10,33,1,1
Ohio,Lawrence,65,2,18,6,39,446,112,303,31,4
Ohio,Licking,53,0,16,3,34,793,179,555,59,1
Ohio,Lorain,60,0,16,9,35,509,167,323,19,1
Ohio,Lucas,93,0,8,18,67,801,110,640,51,1
Ohio,Madison,20,0,12,2,6,264,56,183,25,2
Ohio,Mahoning,1,0,1,0,0,57,8,44,5,0
Ohio,Medina,11,0,4,0,7,166,98,64,4,0
Ohio,Miami,38,0,10,2,26,280,98,166,16,4
Ohio,Montgomery,279,3,43,76,157,"1,051",288,615,148,17
Ohio,Perry,13,0,7,2,4,124,38,75,11,1
Ohio,Pickaway,22,1,1,3,17,546,130,386,30,5
Ohio,Portage8,,1,,39,304,916,190,688,38,4
Ohio,Richland,61,1,34,6,20,757,166,562,29,1
Ohio,Stark,107,2,36,10,59,"1,544",401,"1,019",124,12
Ohio,Summit,80,0,22,14,44,944,176,705,63,3
Ohio,Union,21,0,3,2,16,126,28,86,12,1
Ohio,Wood,13,0,6,0,7,301,42,240,19,0
Ohio,Adams,8,0,3,1,4,186,45,119,22,2
Ohio,Ashland,37,1,23,0,13,103,25,74,4,0
Ohio,Ashtabula,32,0,2,3,27,457,104,320,33,1
Ohio,Auglaize,3,0,1,0,2,45,10,31,4,0
Ohio,Champaign,25,0,4,0,21,153,39,102,12,0
Ohio,Columbiana,37,1,15,1,20,315,63,222,30,3
Ohio,Coshocton,40,4,15,1,20,345,73,244,28,11
Ohio,Crawford,3,0,1,0,2,92,32,58,2,0
Ohio,Defiance,14,0,6,1,7,117,25,90,2,1
Ohio,Erie,1,0,0,0,1,189,40,144,5,1
Ohio,Fayette,19,0,8,4,7,307,76,219,12,2
Ohio,Gallia,32,1,9,0,22,294,77,192,25,2
Ohio,Hancock,14,0,4,1,9,127,31,91,5,1
Ohio,Hardin,13,0,2,0,11,68,22,42,4,1
Ohio,Henry,13,0,3,1,9,109,36,64,9,0
Ohio,Highland,38,4,17,3,14,305,91,199,15,0
Ohio,Jackson,26,0,14,1,11,229,82,125,22,1
Ohio,Knox,56,0,21,2,33,330,58,272,0,4
Ohio,Logan,31,0,8,1,22,171,45,114,12,0
Ohio,Marion,38,0,13,2,23,935,136,763,36,4
Ohio,Meigs,16,1,1,1,13,230,76,125,29,0
Ohio,Monroe,12,0,3,0,9,64,36,24,4,0
Ohio,Morgan,29,0,2,1,26,80,22,47,11,0
Ohio,Noble,5,0,3,0,2,36,7,27,2,0
Ohio,Paulding,30,1,1,0,28,104,23,80,1,0
Ohio,Pike,33,3,7,1,22,464,93,270,101,5
Ohio,Putnam,15,1,9,2,3,90,19,66,5,0
Ohio,Ross,114,3,33,5,73,"1,041",285,631,125,12
Ohio,Scioto,48,0,12,7,29,633,177,394,62,6
Ohio,Shelby,12,1,1,1,9,131,27,97,7,2
Ohio,Tuscarawas,22,0,9,1,12,241,83,130,28,3
Ohio,Van Wert,16,0,6,0,10,106,40,60,6,1
Ohio,Vinton,10,0,1,0,9,78,23,43,12,0
Ohio,Washington,34,4,8,3,19,172,51,102,19,0
Ohio,Wayne,44,0,14,5,25,473,164,277,32,1
Ohio,Wyandot,3,0,0,0,3,3,2,0,1,0
Oklahoma,Canadian,19,1,6,1,11,151,31,93,27,2
Oklahoma,Cleveland,30,1,5,1,23,245,79,135,31,1
Oklahoma,Comanche,17,0,4,0,13,215,100,79,36,4
Oklahoma,Cotton,0,0,0,0,0,21,3,16,2,1
Oklahoma,Creek,65,2,14,3,46,374,126,178,70,3
Oklahoma,Garfield,12,0,3,0,9,157,38,107,12,2
Oklahoma,Grady,24,0,4,1,19,321,86,177,58,4
Oklahoma,Lincoln,48,1,12,4,31,289,110,132,47,4
Oklahoma,Logan,36,0,9,3,24,384,136,194,54,1
Oklahoma,McClain,27,1,4,1,21,280,109,134,37,3
Oklahoma,Oklahoma,35,1,2,2,30,227,72,94,61,0
Oklahoma,Okmulgee,42,2,10,2,28,216,111,70,35,2
Oklahoma,Osage,56,5,8,3,40,332,140,153,39,7
Oklahoma,Rogers,109,3,11,2,93,472,187,216,69,4
Oklahoma,Sequoyah,88,2,16,1,69,301,122,155,24,7
Oklahoma,Tulsa,228,6,18,16,188,924,321,416,187,7
Oklahoma,Wagoner,48,1,5,5,37,295,115,150,30,10
Oklahoma,Adair,38,1,11,1,25,159,59,79,21,4
Oklahoma,Alfalfa,1,0,0,0,1,26,10,13,3,0
Oklahoma,Atoka,5,0,1,0,4,68,24,27,17,0
Oklahoma,Beaver,0,0,0,0,0,14,4,8,2,0
Oklahoma,Beckham,9,0,2,0,7,77,34,33,10,3
Oklahoma,Blaine,10,0,3,0,7,104,38,56,10,1
Oklahoma,Bryan,30,0,7,1,22,321,138,137,46,2
Oklahoma,Caddo,12,0,1,0,11,165,72,73,20,5
Oklahoma,Carter,29,0,16,3,10,208,64,119,25,4
Oklahoma,Cherokee,69,4,6,5,54,461,169,213,79,4
Oklahoma,Choctaw,47,0,0,0,47,79,28,34,17,0
Oklahoma,Cimarron,0,0,0,0,0,10,2,4,4,0
Oklahoma,Coal,0,0,0,0,0,4,2,1,1,0
Oklahoma,Craig,13,0,4,0,9,106,45,48,13,5
Oklahoma,Custer,12,1,2,0,9,113,44,56,13,0
Oklahoma,Delaware,46,0,8,3,35,263,67,156,40,5
Oklahoma,Dewey,2,0,2,0,0,40,16,19,5,1
Oklahoma,Ellis,7,0,1,0,6,51,16,30,5,2
Oklahoma,Garvin,30,0,8,1,21,269,80,167,22,11
Oklahoma,Grant,3,0,0,0,3,31,11,14,6,1
Oklahoma,Harmon,2,0,1,0,1,9,2,7,0,0
Oklahoma,Haskell,7,0,1,0,6,66,29,29,8,1
Oklahoma,Hughes,8,0,1,0,7,121,27,81,13,2
Oklahoma,Jackson,15,0,3,0,12,46,15,22,9,1
Oklahoma,Jefferson,11,0,2,0,9,18,8,6,4,0
Oklahoma,Johnston,14,2,4,1,7,32,14,11,7,1
Oklahoma,Kay,24,0,0,0,24,68,33,28,7,0
Oklahoma,Kingfisher,13,0,3,0,10,84,9,66,9,1
Oklahoma,Kiowa,5,0,1,0,4,26,10,12,4,1
Oklahoma,Latimer,15,0,1,1,13,85,34,36,15,3
Oklahoma,Le Flore,37,0,4,2,31,281,88,152,41,3
Oklahoma,Love,18,0,4,4,10,100,19,65,16,2
Oklahoma,Major,5,0,2,0,3,30,10,13,7,1
Oklahoma,Marshall,19,3,2,2,12,209,78,92,39,0
Oklahoma,Mayes,38,0,12,1,25,327,90,170,67,7
Oklahoma,McCurtain,29,0,8,1,20,318,124,145,49,15
Oklahoma,McIntosh,37,1,7,1,28,221,104,87,30,3
Oklahoma,Murray,10,0,2,0,8,10,6,3,1,0
Oklahoma,Muskogee,73,0,7,2,64,295,124,144,27,5
Oklahoma,Noble,6,0,1,0,5,76,25,36,15,2
Oklahoma,Nowata,12,0,1,0,11,65,20,28,17,2
Oklahoma,Okfuskee,13,1,3,1,8,145,63,63,19,3
Oklahoma,Ottawa,15,0,5,0,10,122,31,63,28,1
Oklahoma,Payne,25,3,1,0,21,221,64,116,41,5
Oklahoma,Pittsburg,55,3,9,1,42,422,195,186,41,2
Oklahoma,Pontotoc,21,0,4,0,17,143,65,64,14,0
Oklahoma,Pottawatomie,65,1,20,4,40,540,188,271,81,1
Oklahoma,Pushmataha,14,0,0,0,14,91,44,39,8,6
Oklahoma,Roger Mills,9,0,0,0,9,31,5,23,3,2
Oklahoma,Seminole,29,0,8,1,20,257,103,123,31,7
Oklahoma,Stephens,19,0,3,0,16,152,49,80,23,0
Oklahoma,Texas,9,0,3,0,6,51,13,34,4,1
Oklahoma,Tillman,1,0,0,0,1,27,14,11,2,0
Oklahoma,Washita,14,0,2,0,12,52,8,37,7,1
Oklahoma,Woods,6,0,1,0,5,23,4,14,5,0
Oklahoma,Woodward,12,0,2,0,10,68,23,35,10,1
Oregon,Clackamas,446,8,80,92,266,"4,651",600,"3,461",590,17
Oregon,Deschutes,86,1,19,3,63,654,109,475,70,5
Oregon,Jackson,128,10,20,12,86,"1,274",312,833,129,10
Oregon,Josephine,45,0,11,3,31,394,76,148,170,3
Oregon,Linn,56,5,9,8,34,705,167,451,87,14
Oregon,Marion8,,6,,34,48,"2,409",332,"1,666",411,
Oregon,Multnomah,165,3,30,23,109,"1,696",155,"1,255",286,4
Oregon,Polk,52,0,3,5,44,295,88,187,20,4
Oregon,Washington,349,3,108,31,207,"2,480",406,"1,791",283,30
Oregon,Yamhill,41,0,13,5,23,473,100,327,46,8
Oregon,Baker,10,0,1,0,9,59,14,39,6,0
Oregon,Clatsop,28,0,6,0,22,166,34,125,7,2
Oregon,Coos,40,0,4,4,32,506,108,346,52,6
Oregon,Crook,17,3,0,0,14,126,23,93,10,1
Oregon,Curry,42,0,3,0,39,254,59,163,32,1
Oregon,Douglas,153,0,23,10,120,889,235,455,199,12
Oregon,Gilliam6,9,0,3,0,6,52,14,36,2,0
Oregon,Harney,1,0,1,0,0,21,6,12,3,0
Oregon,Jefferson,8,1,2,1,4,172,44,109,19,3
Oregon,Lake,9,0,1,0,8,88,30,49,9,0
Oregon,Lincoln,44,1,6,0,37,271,91,165,15,4
Oregon,Malheur,17,0,3,1,13,192,35,116,41,2
Oregon,Morrow,20,0,4,0,16,112,26,70,16,2
Oregon,Sherman,0,0,0,0,0,42,6,33,3,0
Oregon,Umatilla,43,0,7,3,33,410,152,207,51,10
Oregon,Union,8,0,1,0,7,209,64,129,16,5
Oregon,Wasco,22,0,2,1,19,132,32,89,11,0
Pennsylvania,Allegheny,3,0,0,0,3,0,0,0,0,0
Pennsylvania,Berks,5,0,0,0,5,0,0,0,0,0
Pennsylvania,Bucks,0,0,0,0,0,1,0,1,0,0
Pennsylvania,Erie,5,0,0,0,5,1,0,1,0,0
Pennsylvania,Lancaster,1,0,0,0,1,0,0,0,0,0
Pennsylvania,Monroe,0,0,0,0,0,0,0,0,0,0
Pennsylvania,Montgomery,0,0,0,0,0,0,0,0,0,0
Pennsylvania,Elk,0,0,0,0,0,0,0,0,0,0
Pennsylvania,Snyder,0,0,0,0,0,0,0,0,0,0
Pennsylvania,Wayne,0,0,0,0,0,0,0,0,0,0
South Carolina,Aiken,549,7,74,44,424,"2,639",700,"1,574",365,7
South Carolina,Anderson,693,12,73,63,545,"4,585",882,"3,073",630,27
South Carolina,Beaufort,577,6,52,73,446,"1,879",347,"1,384",148,9
South Carolina,Calhoun,62,0,5,4,53,294,107,146,41,0
South Carolina,Charleston,280,12,27,32,209,"1,698",356,"1,060",282,6
South Carolina,Chester,111,3,8,7,93,529,122,362,45,2
South Carolina,Clarendon,137,3,16,10,108,668,206,412,50,1
South Carolina,Darlington,386,12,26,39,309,"1,853",674,"1,034",145,10
South Carolina,Dorchester,292,2,1,33,256,"1,871",380,"1,305",186,1
South Carolina,Fairfield,154,3,8,8,135,465,130,294,41,3
South Carolina,Florence,516,12,66,82,356,"2,325",586,"1,512",227,19
South Carolina,Greenville,"1,705",24,214,250,"1,217","7,923","1,585","5,510",828,52
South Carolina,Horry,10,0,6,0,4,1,0,0,1,0
South Carolina,Horry County Police Department,834,8,148,88,590,"6,144","1,089","4,493",562,18
South Carolina,Kershaw,160,1,26,18,115,"1,201",240,845,116,11
South Carolina,Lancaster,284,7,52,19,206,"1,677",366,"1,235",76,7
South Carolina,Laurens,219,4,30,15,170,978,281,547,150,8
South Carolina,Lexington,554,13,69,87,385,"5,086","1,000","3,324",762,18
South Carolina,Pickens,228,4,22,8,194,"1,408",383,846,179,7
South Carolina,Richland,"2,206",21,138,263,"1,784","8,709","1,422","6,137","1,150",38
South Carolina,Saluda,43,0,8,1,34,198,63,115,20,1
South Carolina,Spartanburg,"1,042",16,65,83,878,"5,420","1,357","3,487",576,28
South Carolina,Sumter,384,5,23,30,326,"1,543",421,955,167,6
South Carolina,York,377,3,46,42,286,"2,565",515,"1,842",208,9
South Carolina,Allendale,12,0,0,2,10,48,18,26,4,1
South Carolina,Bamberg,24,0,1,3,20,146,41,87,18,3
South Carolina,Barnwell,57,1,2,2,52,292,78,174,40,3
South Carolina,Colleton,214,11,15,15,173,726,201,439,86,8
South Carolina,Dillon,138,5,6,18,109,576,229,301,46,12
South Carolina,Georgetown,187,6,17,15,149,986,213,677,96,6
South Carolina,Hampton,61,0,7,3,51,269,92,164,13,3
South Carolina,Lee,64,0,1,3,60,306,96,185,25,0
South Carolina,Marion,71,0,5,13,53,462,120,265,77,2
South Carolina,Marlboro,106,3,13,6,84,342,115,211,16,4
South Carolina,McCormick,8,0,0,0,8,77,23,41,13,0
South Carolina,Newberry,91,4,5,4,78,299,64,214,21,0
South Carolina,Oconee,199,4,46,13,136,"1,553",351,"1,047",155,22
South Carolina,Orangeburg,744,16,18,41,669,"2,661",791,"1,502",368,5
South Carolina,Union,53,0,7,3,43,376,87,256,33,4
South Dakota,Lincoln,32,1,7,2,22,274,141,113,20,0
South Dakota,McCook,7,0,2,0,5,19,8,8,3,0
South Dakota,Meade,26,1,3,1,21,151,50,87,14,1
South Dakota,Minnehaha,54,0,17,1,36,319,96,172,51,0
South Dakota,Pennington,122,0,57,2,63,352,76,235,41,1
South Dakota,Turner,18,0,2,0,16,45,11,26,8,1
South Dakota,Union,7,0,1,0,6,46,11,33,2,2
South Dakota,Aurora,5,0,0,0,5,1,1,0,0,0
South Dakota,Beadle,4,0,0,0,4,7,3,3,1,0
South Dakota,Bennett,0,0,0,0,0,6,4,0,2,1
South Dakota,Bon Homme,2,0,0,0,2,13,2,3,8,0
South Dakota,Brookings,9,1,2,0,6,45,11,33,1,0
South Dakota,Brown,9,0,2,0,7,40,19,17,4,2
South Dakota,Brule,3,0,1,0,2,1,0,1,0,0
South Dakota,Butte,6,0,0,0,6,29,3,26,0,0
South Dakota,Charles Mix,11,0,3,0,8,19,8,11,0,0
South Dakota,Clark,1,0,0,0,1,5,0,3,2,0
South Dakota,Clay,7,0,1,0,6,50,6,32,12,1
South Dakota,Codington,9,0,0,0,9,16,1,12,3,1
South Dakota,Corson,1,0,0,0,1,26,10,8,8,1
South Dakota,Custer,8,0,2,0,6,135,54,74,7,1
South Dakota,Davison,3,0,0,0,3,14,8,6,0,1
South Dakota,Day,4,0,1,0,3,33,13,14,6,0
South Dakota,Deuel,1,0,0,0,1,16,4,10,2,0
South Dakota,Edmunds,0,0,0,0,0,0,0,0,0,0
South Dakota,Faulk,0,0,0,0,0,7,4,3,0,0
South Dakota,Gregory,0,0,0,0,0,7,0,5,2,0
South Dakota,Hamlin,5,0,1,0,4,29,7,20,2,0
South Dakota,Hand,4,0,3,0,1,1,0,1,0,0
South Dakota,Hanson,1,0,0,0,1,10,5,1,4,0
South Dakota,Hughes,4,0,0,0,4,9,2,5,2,1
South Dakota,Hutchinson,0,0,0,0,0,6,5,0,1,0
South Dakota,Jerauld,1,0,0,0,1,9,3,5,1,0
South Dakota,Jones,0,0,0,0,0,2,1,1,0,0
South Dakota,Kingsbury,0,0,0,0,0,4,1,3,0,0
South Dakota,Lake,2,0,1,0,1,19,4,14,1,0
South Dakota,Lawrence,7,0,1,0,6,39,14,21,4,0
South Dakota,Lyman,2,0,0,0,2,11,7,3,1,0
South Dakota,Marshall,6,0,0,0,6,23,8,14,1,0
South Dakota,McPherson,3,0,0,0,3,18,4,14,0,0
South Dakota,Mellette,0,0,0,0,0,6,1,5,0,0
South Dakota,Miner,0,0,0,0,0,6,4,2,0,0
South Dakota,Moody,3,0,0,0,3,2,2,0,0,1
South Dakota,Perkins,2,0,2,0,0,10,1,9,0,0
South Dakota,Potter,3,0,1,0,2,3,0,2,1,0
South Dakota,Roberts,11,0,1,0,10,7,0,5,2,0
South Dakota,Sanborn,3,0,0,0,3,7,1,6,0,0
South Dakota,Spink,13,0,0,0,13,84,26,49,9,0
South Dakota,Stanley,0,0,0,0,0,10,3,6,1,0
South Dakota,Sully,4,0,0,0,4,9,7,0,2,2
South Dakota,Tripp,2,0,1,0,1,4,0,3,1,0
South Dakota,Walworth,0,0,0,0,0,5,0,5,0,0
South Dakota,Yankton,7,1,2,0,4,53,10,27,16,0
South Dakota,Ziebach,0,0,0,0,0,0,0,0,0,0
Tennessee,Anderson,144,0,11,4,129,472,136,253,83,12
Tennessee,Blount,322,0,55,14,253,"1,103",256,711,136,3
Tennessee,Bradley,205,1,15,13,176,808,190,508,110,1
Tennessee,Campbell,62,0,22,1,39,335,106,178,51,2
Tennessee,Cannon,12,0,1,0,11,96,42,27,27,1
Tennessee,Carter,63,0,3,3,57,334,67,236,31,0
Tennessee,Cheatham,87,1,6,2,78,280,57,174,49,2
Tennessee,Chester,25,1,6,0,18,79,30,37,12,0
Tennessee,Crockett,29,0,0,1,28,106,35,57,14,0
Tennessee,Dickson,121,0,15,4,102,334,88,195,51,0
Tennessee,Fayette,55,1,1,4,49,209,60,121,28,0
Tennessee,Gibson,56,2,7,3,44,160,51,88,21,0
Tennessee,Grainger,43,0,3,1,39,160,38,104,18,0
Tennessee,Hamblen,120,1,11,8,100,462,100,288,74,5
Tennessee,Hartsville/Trousdale,30,0,5,1,24,142,24,105,13,0
Tennessee,Hawkins,77,2,6,2,67,587,163,335,89,3
Tennessee,Jefferson,97,1,14,0,82,428,135,230,63,1
Tennessee,Knox,577,2,62,30,483,"3,413",588,"2,331",494,15
Tennessee,Loudon,72,3,3,3,63,375,79,243,53,1
Tennessee,Macon,41,0,0,0,41,159,54,91,14,1
Tennessee,Madison,103,0,4,12,87,380,73,251,56,0
Tennessee,Marion,59,0,3,1,55,220,43,135,42,3
Tennessee,Maury,140,1,24,1,114,431,94,260,77,3
Tennessee,Montgomery,104,2,10,1,91,571,136,378,57,2
Tennessee,Morgan,40,0,3,1,36,320,100,168,52,1
Tennessee,Polk,25,0,1,2,22,311,61,192,58,3
Tennessee,Roane,63,2,5,1,55,235,70,123,42,1
Tennessee,Robertson,75,1,6,1,67,243,48,164,31,2
Tennessee,Rutherford,205,1,19,16,169,746,153,506,87,10
Tennessee,Sequatchie,31,0,1,1,29,153,40,84,29,3
Tennessee,Shelby,569,3,34,72,460,"2,473",551,"1,703",219,11
Tennessee,Smith,43,0,7,1,35,148,54,82,12,0
Tennessee,Stewart,18,0,3,0,15,92,35,39,18,0
Tennessee,Sullivan,228,5,28,7,188,"1,043",225,656,162,12
Tennessee,Sumner,118,9,11,4,94,404,85,267,52,4
Tennessee,Tipton,123,0,11,3,109,465,131,273,61,1
Tennessee,Unicoi,21,0,0,0,21,116,31,75,10,1
Tennessee,Union,22,1,4,0,17,204,63,116,25,0
Tennessee,Washington,159,1,10,4,144,762,182,446,134,3
Tennessee,Williamson,119,2,14,2,101,289,66,196,27,4
Tennessee,Wilson,85,0,2,4,79,555,105,384,66,1
Tennessee,Bedford,75,0,8,0,67,250,59,165,26,3
Tennessee,Benton,18,0,6,1,11,114,47,50,17,0
Tennessee,Bledsoe,11,0,0,0,11,62,16,28,18,1
Tennessee,Carroll,44,1,7,2,34,154,63,73,18,0
Tennessee,Claiborne,58,4,3,2,49,283,80,162,41,5
Tennessee,Clay,14,0,0,2,12,40,18,20,2,0
Tennessee,Coffee,87,0,6,3,78,403,102,261,40,2
Tennessee,Cumberland,42,1,1,4,36,737,198,440,99,2
Tennessee,Decatur,30,0,3,0,27,100,43,43,14,0
Tennessee,DeKalb,17,1,1,0,15,117,34,68,15,2
Tennessee,Dyer,18,0,2,0,16,184,51,112,21,0
Tennessee,Fentress,27,1,3,0,23,189,46,120,23,3
Tennessee,Franklin,98,3,8,1,86,238,41,163,34,0
Tennessee,Giles,51,1,7,2,41,184,44,114,26,3
Tennessee,Greene,168,0,8,5,155,888,258,487,143,12
Tennessee,Grundy,77,2,7,0,68,245,47,149,49,4
Tennessee,Hancock,21,0,3,0,18,110,24,74,12,0
Tennessee,Hardeman,46,0,2,3,41,178,57,92,29,1
Tennessee,Hardin,35,1,4,2,28,348,121,181,46,1
Tennessee,Haywood,36,1,2,1,32,133,47,64,22,1
Tennessee,Henderson,83,0,9,2,72,295,87,161,47,2
Tennessee,Henry,47,0,8,1,38,298,89,168,41,3
Tennessee,Hickman,84,0,8,1,75,394,108,201,85,0
Tennessee,Houston,23,0,0,0,23,75,21,48,6,0
Tennessee,Humphreys,30,0,0,0,30,93,28,52,13,1
Tennessee,Jackson,24,1,1,1,21,83,21,50,12,2
Tennessee,Johnson,34,1,3,2,28,132,41,69,22,0
Tennessee,Lake,4,0,1,0,3,25,9,12,4,0
Tennessee,Lauderdale,45,2,3,1,39,192,68,104,20,3
Tennessee,Lawrence,49,0,5,1,43,267,97,133,37,3
Tennessee,Lewis,17,0,0,0,17,71,24,40,7,2
Tennessee,Lincoln,62,0,7,2,53,286,101,152,33,1
Tennessee,Marshall,28,0,0,1,27,72,10,43,19,0
Tennessee,McMinn,93,1,8,5,79,549,180,255,114,5
Tennessee,McNairy,55,1,5,1,48,276,93,145,38,4
Tennessee,Meigs,61,0,6,4,51,284,78,157,49,7
Tennessee,Monroe,234,0,10,7,217,873,284,465,124,6
Tennessee,Moore,7,0,2,0,5,58,4,51,3,0
Tennessee,Obion,34,0,1,1,32,177,35,114,28,1
Tennessee,Overton,13,0,1,0,12,135,16,90,29,1
Tennessee,Perry,13,0,0,0,13,59,14,40,5,2
Tennessee,Pickett,8,0,2,0,6,28,4,22,2,0
Tennessee,Putnam,85,0,13,0,72,518,136,317,65,5
Tennessee,Rhea,67,0,5,2,60,191,57,112,22,0
Tennessee,Scott,27,1,2,0,24,161,104,41,16,0
Tennessee,Sevier,153,0,19,10,124,836,203,460,173,1
Tennessee,Van Buren,3,0,0,0,3,30,3,20,7,0
Tennessee,Wayne,14,2,0,0,12,93,21,54,18,1
Tennessee,Weakley,27,0,7,1,19,116,45,53,18,0
Tennessee,White,55,0,2,5,48,251,45,165,41,8
Texas,Austin,13,0,2,0,11,87,40,29,18,0
Texas,Bandera6,12,0,2,1,9,268,95,143,30,1
Texas,Bastrop,212,6,46,18,142,649,192,349,108,5
Texas,Bell,82,0,27,1,54,631,152,445,34,0
Texas,Bexar,692,13,145,88,446,"5,297",990,"3,801",506,39
Texas,Bowie,102,1,25,2,74,331,131,170,30,6
Texas,Brazoria,170,4,13,34,119,"1,325",306,851,168,3
Texas,Brazos,29,0,13,1,15,306,93,200,13,2
Texas,Burleson,20,1,7,2,10,100,34,63,3,1
Texas,Caldwell6,51,0,6,2,43,88,26,53,9,0
Texas,Callahan,5,0,0,0,5,44,12,22,10,1
Texas,Cameron,162,1,46,15,100,937,298,586,53,4
Texas,Carson,22,1,2,3,16,25,9,15,1,0
Texas,Chambers,93,3,8,8,74,544,132,408,4,4
Texas,Clay,16,0,8,0,8,103,33,49,21,2
Texas,Collin,66,0,22,4,40,338,102,187,49,2
Texas,Comal,135,0,40,9,86,601,179,373,49,0
Texas,Coryell,4,0,0,1,3,54,11,43,0,0
Texas,Dallas,43,0,11,4,28,307,54,206,47,0
Texas,Denton6,95,0,43,7,45,440,88,299,53,3
Texas,Ector,116,4,14,19,79,"1,579",228,985,366,0
Texas,Ellis6,83,1,19,4,59,362,85,238,39,0
Texas,El Paso6,259,1,44,17,197,641,145,395,101,4
Texas,Fort Bend,841,10,119,120,592,"4,643",691,"3,653",299,1
Texas,Galveston,123,2,30,16,75,727,179,454,94,15
Texas,Goliad,22,1,3,2,16,79,19,49,11,0
Texas,Grayson,32,0,15,7,10,401,109,237,55,4
Texas,Gregg,84,3,26,4,51,373,106,212,55,2
Texas,Guadalupe,69,2,32,3,32,424,113,279,32,19
Texas,Hardin,38,1,1,5,31,285,91,148,46,5
Texas,Harris,"7,329",97,860,"2,249","4,123","42,526","7,044","29,466","6,016",85
Texas,Harrison,52,3,0,3,46,445,138,246,61,1
Texas,Hays,111,0,37,12,62,672,141,479,52,1
Texas,Hidalgo6,518,5,139,103,271,"3,241",909,"2,012",320,10
Texas,Hudspeth,8,0,0,0,8,14,3,9,2,1
Texas,Hunt6,350,4,16,9,321,570,166,293,111,0
Texas,Jefferson,59,1,1,8,49,358,78,224,56,1
Texas,Johnson6,205,0,53,4,148,660,167,397,96,3
Texas,Jones,4,0,0,1,3,60,20,35,5,0
Texas,Kaufman,126,2,30,15,79,767,237,425,105,1
Texas,Kendall,19,0,2,2,15,104,23,67,14,2
Texas,Lampasas6,12,1,1,0,10,83,21,55,7,1
Texas,Lubbock,16,1,4,0,11,331,89,191,51,0
Texas,Lynn6,0,0,0,0,0,3,0,3,0,1
Texas,McLennan,69,0,24,0,45,500,149,227,124,5
Texas,Medina,101,2,14,4,81,351,79,202,70,0
Texas,Montgomery,736,12,74,103,547,"4,976","1,052","3,366",558,15
Texas,Nueces,61,1,10,9,41,160,49,108,3,0
Texas,Oldham,0,0,0,0,0,6,4,2,0,0
Texas,Parker,100,2,24,4,70,751,188,474,89,2
Texas,Randall,61,0,26,3,32,249,94,122,33,1
Texas,Robertson,8,1,1,0,6,116,37,65,14,0
Texas,Rockwall,13,0,4,0,9,91,15,50,26,1
Texas,Rusk,33,1,7,2,23,442,145,240,57,2
Texas,San Patricio,37,0,0,4,33,166,60,80,26,0
Texas,Smith,335,7,58,18,252,"1,453",412,800,241,7
Texas,Tarrant6,123,0,28,18,77,742,214,456,72,2
Texas,Taylor,39,0,5,0,34,89,45,37,7,0
Texas,Tom Green,32,1,25,1,5,254,89,140,25,5
Texas,Travis6,790,2,117,71,600,"3,240",762,"2,192",286,16
Texas,Victoria,94,3,19,6,66,399,128,224,47,0
Texas,Wichita,38,0,1,1,36,126,42,62,22,0
Texas,Williamson,152,1,57,4,90,"1,377",295,975,107,9
Texas,Wilson6,20,0,7,0,13,228,94,111,23,3
Texas,Wise,83,2,22,4,55,323,114,170,39,1
Texas,Anderson,30,2,3,2,23,363,150,171,42,0
Texas,Angelina,97,1,27,5,64,567,183,330,54,1
Texas,Aransas,60,0,13,3,44,240,62,164,14,0
Texas,Bailey6,3,0,1,0,2,36,15,20,1,0
Texas,Bee,21,0,3,0,18,159,56,93,10,1
Texas,Borden6,1,0,1,0,0,10,5,4,1,0
Texas,Bosque6,27,0,3,0,24,71,38,24,9,1
Texas,Brewster,7,0,1,0,6,10,4,3,3,0
Texas,Briscoe,0,0,0,0,0,3,2,0,1,0
Texas,Brooks,1,0,0,0,1,0,0,0,0,0
Texas,Brown6,31,0,7,1,23,189,62,114,13,4
Texas,Burnet,54,0,11,2,41,219,65,119,35,2
Texas,Calhoun,22,0,8,0,14,103,26,71,6,0
Texas,Camp6,9,0,2,0,7,67,31,29,7,2
Texas,Cass,32,0,3,1,28,174,61,92,21,5
Texas,Castro,6,0,0,0,6,47,13,26,8,0
Texas,Cherokee,61,1,7,2,51,362,117,198,47,2
Texas,Childress,1,0,0,0,1,7,1,5,1,0
Texas,Cochran6,3,0,0,0,3,27,12,15,0,1
Texas,Coke,2,0,0,0,2,14,10,0,4,0
Texas,Colorado,19,1,7,1,10,117,29,77,11,2
Texas,Comanche,3,0,0,0,3,58,11,41,6,0
Texas,Concho,11,0,0,0,11,8,8,0,0,0
Texas,Cooke6,33,3,8,3,19,100,38,51,11,2
Texas,Crockett,2,0,0,1,1,18,9,5,4,0
Texas,Culberson,0,0,0,0,0,0,0,0,0,0
Texas,Dallam,0,0,0,0,0,1,0,0,1,0
Texas,Dawson6,2,0,0,0,2,64,27,25,12,0
Texas,Deaf Smith,8,0,1,0,7,60,18,32,10,0
Texas,Delta,1,0,0,0,1,27,10,16,1,1
Texas,DeWitt,33,1,7,0,25,120,47,66,7,2
Texas,Dimmit,11,1,2,0,8,139,39,93,7,0
Texas,Donley6,4,2,0,0,2,30,12,16,2,0
Texas,Duval,12,0,0,0,12,104,24,41,39,0
Texas,Eastland6,5,2,2,0,1,22,9,5,8,0
Texas,Edwards,2,0,1,0,1,5,1,2,2,2
Texas,Erath6,50,2,9,2,37,93,52,30,11,0
Texas,Fannin,42,1,8,0,33,194,51,114,29,1
Texas,Fayette,11,0,6,1,4,123,41,76,6,0
Texas,Floyd6,12,0,0,1,11,25,5,19,1,2
Texas,Freestone6,22,0,3,3,16,131,55,68,8,2
Texas,Frio,9,0,0,0,9,60,17,34,9,0
Texas,Gaines,11,2,2,1,6,88,29,49,10,10
Texas,Garza,15,0,5,0,10,30,17,11,2,0
Texas,Gillespie,12,1,3,0,8,55,6,46,3,1
Texas,Gonzales,25,0,7,0,18,116,27,83,6,2
Texas,Gray6,15,0,1,2,12,59,19,36,4,0
Texas,Hale,16,0,0,0,16,64,25,38,1,1
Texas,Hall,3,1,0,0,2,7,2,5,0,0
Texas,Hamilton6,4,0,2,0,2,15,4,8,3,0
Texas,Hansford6,1,0,0,0,1,11,4,3,4,0
Texas,Hardeman,5,0,0,0,5,13,3,10,0,0
Texas,Hartley,0,0,0,0,0,10,3,3,4,0
Texas,Haskell,1,0,0,0,1,8,2,6,0,0
Texas,Hemphill6,2,0,0,0,2,13,1,12,0,0
Texas,Henderson,141,2,58,5,76,584,281,242,61,0
Texas,Hill,31,1,12,1,17,234,56,154,24,2
Texas,Hockley6,13,0,2,2,9,71,30,34,7,0
Texas,Hood,55,0,11,2,42,356,99,205,52,2
Texas,Hopkins6,27,1,9,0,17,61,17,26,18,0
Texas,Houston,2,0,0,0,2,102,43,53,6,0
Texas,Howard6,53,0,4,0,49,273,53,172,48,4
Texas,Hutchinson,11,0,3,0,8,71,26,42,3,0
Texas,Jack,9,0,0,2,7,36,15,13,8,0
Texas,Jackson,6,0,1,0,5,51,10,34,7,0
Texas,Jasper,72,2,18,2,50,403,155,197,51,1
Texas,Jim Hogg6,5,0,0,0,5,20,10,7,3,1
Texas,Karnes6,3,1,0,0,2,99,45,42,12,0
Texas,Kenedy,0,0,0,0,0,8,2,3,3,0
Texas,Kerr,51,0,21,0,30,199,51,133,15,2
Texas,Kimble,2,0,1,1,0,4,2,2,0,1
Texas,Kinney,0,0,0,0,0,1,1,0,0,0
Texas,Lamar,28,1,9,1,17,135,39,88,8,0
Texas,Lamb,6,0,2,1,3,61,24,31,6,0
Texas,La Salle,5,0,0,1,4,44,7,37,0,0
Texas,Lavaca,10,2,2,0,6,63,16,41,6,0
Texas,Lee6,25,0,2,1,22,86,28,49,9,0
Texas,Leon,11,0,0,0,11,116,36,70,10,0
Texas,Limestone,14,0,2,0,12,76,63,10,3,0
Texas,Llano6,29,1,3,0,25,145,41,88,16,2
Texas,Madison6,8,0,0,1,7,66,34,15,17,0
Texas,Mason6,8,0,1,0,7,10,4,5,1,0
Texas,Matagorda,62,0,19,6,37,332,91,214,27,0
Texas,McCulloch6,3,0,0,0,3,41,17,19,5,0
Texas,Menard,3,0,0,1,2,1,1,0,0,0
Texas,Milam,13,0,2,0,11,87,19,60,8,1
Texas,Mills6,14,0,1,0,13,20,11,9,0,0
Texas,Mitchell,1,0,0,0,1,25,5,15,5,0
Texas,Montague6,33,0,7,0,26,83,28,48,7,0
Texas,Moore6,6,1,0,0,5,39,12,20,7,0
Texas,Morris,10,0,4,2,4,72,21,48,3,0
Texas,Nacogdoches,58,2,10,1,45,270,85,148,37,1
Texas,Navarro,58,1,15,3,39,242,105,118,19,2
Texas,Newton6,22,0,1,1,20,98,49,38,11,2
Texas,Nolan6,4,0,0,0,4,31,10,21,0,1
Texas,Ochiltree6,0,0,0,0,0,22,7,12,3,0
Texas,Palo Pinto6,9,0,4,1,4,68,22,34,12,0
Texas,Panola,26,1,12,3,10,260,75,165,20,2
Texas,Pecos,1,0,0,0,1,98,15,66,17,0
Texas,Polk,76,5,33,7,31,671,212,379,80,8
Texas,Rains,8,0,0,0,8,48,19,24,5,0
Texas,Reagan,7,0,0,0,7,32,11,18,3,0
Texas,Real,3,0,0,0,3,59,15,39,5,1
Texas,Refugio,3,0,2,0,1,52,30,19,3,0
Texas,Roberts6,0,0,0,0,0,2,1,1,0,0
Texas,Runnels,1,0,0,0,1,11,5,6,0,0
Texas,Sabine6,14,0,5,0,9,73,39,24,10,0
Texas,San Augustine6,13,0,1,0,12,57,34,16,7,0
Texas,San Jacinto,44,0,26,1,17,330,115,173,42,0
Texas,Schleicher6,4,0,0,0,4,13,6,6,1,0
Texas,Scurry,7,0,2,0,5,44,15,28,1,0
Texas,Shelby,40,1,0,2,37,189,61,90,38,3
Texas,Sherman,0,0,0,0,0,3,2,1,0,0
Texas,Somervell,4,0,0,0,4,30,11,16,3,0
Texas,Starr,79,1,11,6,61,232,72,126,34,3
Texas,Stephens,1,0,1,0,0,21,9,9,3,0
Texas,Stonewall,1,0,0,0,1,0,0,0,0,0
Texas,Sutton6,0,0,0,0,0,1,0,0,1,0
Texas,Swisher6,7,0,1,1,5,24,7,13,4,0
Texas,Terry,1,0,0,0,1,30,15,9,6,0
Texas,Titus6,50,0,3,3,44,162,55,88,19,2
Texas,Tyler6,67,5,6,1,55,252,121,92,39,4
Texas,Upton6,2,0,0,0,2,31,3,25,3,0
Texas,Uvalde,16,1,0,0,15,85,30,46,9,2
Texas,Val Verde,29,0,3,1,25,87,41,41,5,0
Texas,Walker6,52,0,11,3,38,186,61,93,32,2
Texas,Ward,27,0,3,3,21,218,38,173,7,0
Texas,Washington,50,0,11,2,37,140,47,79,14,1
Texas,Wharton,68,0,12,4,52,230,73,127,30,2
Texas,Wheeler6,5,0,0,0,5,11,1,7,3,0
Texas,Wilbarger6,2,0,2,0,0,13,2,10,1,0
Texas,Willacy6,24,0,8,0,16,123,43,75,5,1
Texas,Winkler,9,1,2,0,6,80,10,55,15,0
Texas,Wood,75,0,39,6,30,225,65,127,33,0
Texas,Yoakum,3,0,1,0,2,18,9,5,4,0
Texas,Young6,12,0,7,1,4,35,16,13,6,0
Texas,Zapata,52,0,1,5,46,183,76,105,2,0
Texas,Zavala,12,0,4,0,8,32,19,8,5,0
Utah,Box Elder6,12,1,5,0,6,131,40,81,10,0
Utah,Cache,32,0,23,1,8,150,15,95,40,4
Utah,Davis,50,0,14,1,35,213,28,173,12,0
Utah,Juab,3,0,1,0,2,54,8,39,7,0
Utah,Morgan4,4,0,2,0,2,,,21,3,0
Utah,Salt Lake County Unified Police Department,731,5,156,145,425,"8,002",983,"6,028",991,20
Utah,Tooele,12,0,4,1,7,218,25,173,20,1
Utah,Utah,87,2,30,3,52,323,38,260,25,2
Utah,Washington,28,1,5,3,19,138,31,94,13,0
Utah,Weber,94,0,32,6,56,963,291,583,89,2
Utah,Carbon,10,0,5,0,5,93,25,63,5,0
Utah,Grand,16,0,1,1,14,79,5,70,4,0
Utah,Iron6,49,0,8,0,41,119,37,65,17,1
Utah,Kane,7,0,0,0,7,24,6,13,5,0
Utah,Millard,20,1,4,0,15,213,34,154,25,0
Utah,Rich,3,0,0,0,3,18,1,17,0,0
Utah,San Juan,6,1,1,1,3,38,7,25,6,0
Utah,Sanpete,21,0,4,1,16,94,21,65,8,2
Utah,Sevier6,8,0,2,0,6,98,17,73,8,1
Utah,Summit,33,0,2,4,27,399,58,320,21,0
Utah,Uintah,55,0,22,1,32,158,48,91,19,4
Utah,Wasatch,31,0,20,0,11,91,14,67,10,0
Vermont,Franklin,6,0,1,0,5,26,7,18,1,0
Vermont,Grand Isle,4,0,0,1,3,27,8,16,3,0
Vermont,Bennington,2,0,1,0,1,6,1,4,1,0
Vermont,Caledonia,2,0,0,0,2,1,0,1,0,0
Vermont,Essex,0,0,0,0,0,18,7,10,1,0
Vermont,Lamoille,9,0,2,0,7,59,3,56,0,0
Vermont,Orange,6,0,6,0,0,18,3,15,0,0
Vermont,Orleans,0,0,0,0,0,75,6,68,1,0
Vermont,Rutland,2,0,0,0,2,13,2,11,0,0
Vermont,Washington,1,0,0,0,1,1,0,1,0,0
Vermont,Windham,2,0,0,0,2,23,5,18,0,0
Vermont,Windsor,0,0,0,0,0,15,12,3,0,0
Virginia,Albemarle County Police Department,116,2,28,14,72,"1,267",113,"1,104",50,6
Virginia,Amelia,26,0,3,4,19,172,35,107,30,1
Virginia,Amherst,74,5,7,5,57,356,36,296,24,2
Virginia,Appomattox,20,0,5,2,13,85,9,76,0,0
Virginia,Arlington County Police Department,298,2,55,92,149,"3,085",158,"2,721",206,6
Virginia,Augusta,90,0,15,5,70,801,182,539,80,3
Virginia,Bedford,63,1,13,2,47,475,95,349,31,1
Virginia,Botetourt,29,0,5,1,23,247,47,182,18,2
Virginia,Charles City,4,1,2,0,1,40,13,23,4,0
Virginia,Chesterfield County Police Department,458,12,115,146,185,"5,841",642,"4,887",312,30
Virginia,Clarke,6,0,2,0,4,64,11,49,4,1
Virginia,Craig,5,0,1,0,4,17,1,12,4,0
Virginia,Dinwiddie,86,0,9,10,67,294,43,229,22,5
Virginia,Fairfax County Police Department,957,14,167,346,430,"13,279",619,"11,822",838,30
Virginia,Fauquier,40,1,14,1,24,284,30,246,8,1
Virginia,Fluvanna,33,1,14,0,18,160,23,128,9,1
Virginia,Franklin,56,2,14,4,36,565,98,384,83,3
Virginia,Frederick,80,0,17,13,50,910,97,748,65,1
Virginia,Giles,12,0,2,0,10,127,36,76,15,0
Virginia,Gloucester,32,1,10,9,12,399,20,359,20,1
Virginia,Goochland,13,1,7,0,5,160,17,135,8,1
Virginia,Greene,19,1,10,0,8,195,21,164,10,3
Virginia,Hanover,168,0,28,7,133,884,52,796,36,10
Virginia,Henrico County Police Department,456,7,42,120,287,"7,887",561,"6,833",493,17
Virginia,Isle of Wight,23,0,3,0,20,200,27,158,15,3
Virginia,James City County Police Department,83,0,12,13,58,696,44,633,19,0
Virginia,King and Queen,13,0,1,1,11,30,2,27,1,2
Virginia,King William,13,0,1,2,10,85,14,68,3,0
Virginia,Loudoun,393,0,168,36,189,"2,309",136,"2,019",154,24
Virginia,Madison,12,0,7,0,5,67,7,52,8,0
Virginia,Mathews,5,0,2,0,3,57,15,39,3,2
Virginia,Montgomery,61,0,11,6,44,308,53,223,32,2
Virginia,Nelson,26,0,8,0,18,166,27,123,16,0
Virginia,New Kent,40,3,6,3,28,198,16,180,2,0
Virginia,Powhatan,25,0,13,2,10,284,41,234,9,0
Virginia,Prince George County Police Department,73,0,15,6,52,339,35,280,24,1
Virginia,Prince William County Police Department,787,14,147,155,471,"4,723",425,"3,954",344,13
Virginia,Pulaski,51,0,18,2,31,728,76,629,23,6
Virginia,Rappahannock,4,0,1,0,3,16,2,13,1,0
Virginia,Roanoke County Police Department,187,0,25,22,140,"1,207",146,979,82,0
Virginia,Rockingham,41,0,25,1,15,369,88,265,16,4
Virginia,Scott,21,0,8,4,9,201,39,140,22,3
Virginia,Southampton,19,2,10,0,7,203,42,138,23,3
Virginia,Spotsylvania,168,4,31,32,101,803,69,671,63,1
Virginia,Stafford,338,6,73,47,212,"1,427",156,"1,203",68,7
Virginia,Sussex,8,1,0,2,5,74,23,46,5,3
Virginia,Warren,34,1,20,1,12,154,14,135,5,4
Virginia,Washington,37,3,10,4,20,603,92,456,55,2
Virginia,York,78,0,20,7,51,875,50,793,32,5
Virginia,Accomack,100,6,10,25,59,333,81,243,9,2
Virginia,Alleghany,14,0,5,1,8,88,25,59,4,2
Virginia,Bath,3,0,0,0,3,7,0,7,0,1
Virginia,Bland,5,0,1,0,4,37,7,26,4,1
Virginia,Brunswick,9,0,1,1,7,81,17,59,5,3
Virginia,Buchanan,47,1,11,4,31,281,51,199,31,4
Virginia,Buckingham,13,1,5,0,7,122,31,80,11,2
Virginia,Caroline,58,0,14,4,40,223,25,198,0,5
Virginia,Carroll,36,3,5,0,28,166,27,117,22,0
Virginia,Charlotte,20,0,5,3,12,122,29,77,16,1
Virginia,Cumberland,11,1,0,1,9,41,9,27,5,1
Virginia,Dickenson,17,2,0,0,15,33,5,20,8,1
Virginia,Essex,19,0,0,0,19,44,17,17,10,0
Virginia,Floyd,19,2,9,0,8,82,16,59,7,2
Virginia,Grayson,26,3,6,0,17,169,35,103,31,2
Virginia,Greensville,10,0,4,2,4,79,20,56,3,0
Virginia,Halifax,45,2,14,8,21,209,56,137,16,4
Virginia,Henry,126,2,18,22,84,"1,115",220,785,110,10
Virginia,Highland,0,0,0,0,0,11,1,9,1,0
Virginia,King George,29,0,7,2,20,213,34,159,20,0
Virginia,Lancaster,29,1,8,0,20,50,10,38,2,0
Virginia,Lee,27,1,5,2,19,122,12,109,1,1
Virginia,Louisa,39,5,10,2,22,333,32,271,30,4
Virginia,Lunenburg,17,3,3,1,10,40,18,20,2,0
Virginia,Mecklenburg,53,1,22,0,30,185,45,126,14,3
Virginia,Middlesex,13,1,4,0,8,112,18,89,5,4
Virginia,Northampton,12,0,2,2,8,53,11,34,8,0
Virginia,Northumberland,20,1,6,0,13,70,21,45,4,2
Virginia,Nottoway,15,1,3,1,10,71,16,46,9,0
Virginia,Orange,23,0,12,1,10,125,17,97,11,0
Virginia,Page,29,0,9,2,18,152,34,110,8,1
Virginia,Patrick,37,0,11,3,23,284,62,201,21,3
Virginia,Pittsylvania,79,9,18,10,42,425,107,292,26,2
Virginia,Prince Edward,19,0,5,2,12,57,16,37,4,0
Virginia,Rockbridge,32,1,7,0,24,238,60,164,14,1
Virginia,Russell,54,2,16,2,34,159,35,112,12,3
Virginia,Shenandoah,46,2,7,0,37,237,54,174,9,0
Virginia,Smyth,29,0,12,1,16,186,27,139,20,2
Virginia,Surry,3,0,1,0,2,16,2,11,3,0
Virginia,Tazewell,36,1,18,3,14,288,39,221,28,4
Virginia,Westmoreland,12,0,4,0,8,68,15,50,3,2
Virginia,Wise,64,1,39,3,21,249,51,163,35,5
Virginia,Wythe,26,3,15,2,6,193,31,139,23,3
Washington,Asotin,15,1,4,0,10,126,28,91,7,0
Washington,Benton,73,2,6,5,60,386,81,259,46,5
Washington,Chelan,43,0,3,0,40,322,90,219,13,0
Washington,Clark,230,4,64,27,135,"2,189",402,"1,410",377,10
Washington,Cowlitz,64,3,23,1,37,285,85,150,50,5
Washington,Douglas,15,0,9,1,5,225,59,141,25,1
Washington,Franklin,16,1,1,4,10,126,45,68,13,3
Washington,King,607,5,64,176,362,"3,621",796,"2,132",693,77
Washington,Kitsap,445,3,115,28,299,"3,036",590,"2,196",250,4
Washington,Pierce,"1,152",9,144,183,816,"6,822","1,718","4,029","1,075",48
Washington,Skagit,74,0,11,13,50,757,222,474,61,1
Washington,Skamania,12,1,3,0,8,132,32,88,12,2
Washington,Snohomish,535,1,82,74,378,"4,328",917,"2,619",792,30
Washington,Spokane,195,5,51,20,119,"2,666",555,"1,900",211,11
Washington,Stevens,35,1,8,2,24,338,115,176,47,2
Washington,Thurston,246,3,27,19,197,"1,546",545,808,193,11
Washington,Walla Walla,20,1,4,1,14,266,88,152,26,2
Washington,Yakima,153,8,31,17,97,"1,466",383,759,324,7
Washington,Adams,18,0,4,0,14,93,36,45,12,2
Washington,Clallam,49,1,14,3,31,461,119,315,27,1
Washington,Columbia,9,0,1,0,8,72,22,46,4,1
Washington,Ferry,3,0,2,1,0,26,4,19,3,0
Washington,Grant,95,0,25,6,64,837,179,537,121,16
Washington,Grays Harbor,47,1,18,1,27,250,96,134,20,2
Washington,Island,56,1,14,1,40,373,124,230,19,2
Washington,Jefferson,33,0,4,3,26,222,91,117,14,1
Washington,Kittitas,8,1,3,0,4,142,43,88,11,0
Washington,Klickitat,4,1,0,0,3,76,68,5,3,0
Washington,Lewis,86,2,22,3,59,473,146,269,58,1
Washington,Lincoln,10,0,3,0,7,87,26,51,10,5
Washington,Mason,85,0,11,9,65,956,334,510,112,2
Washington,Okanogan,38,1,12,0,25,158,43,106,9,2
Washington,Pacific,21,0,0,2,19,137,59,71,7,1
Washington,Pend Oreille,5,0,2,0,3,140,35,93,12,0
Washington,San Juan,9,0,0,0,9,105,20,76,9,0
Washington,Wahkiakum,4,0,2,0,2,32,9,20,3,0
Washington,Whitman,7,0,0,0,7,35,13,14,8,0
West Virginia,Berkeley,55,2,5,0,48,88,5,81,2,0
West Virginia,Brooke,4,0,3,0,1,7,1,6,0,1
West Virginia,Fayette,49,2,0,2,45,347,108,194,45,5
West Virginia,Hampshire,25,0,2,1,22,118,42,61,15,1
West Virginia,Hancock,7,0,1,0,6,2,0,2,0,0
West Virginia,Jackson,44,0,3,0,41,26,7,14,5,1
West Virginia,Jefferson,40,1,8,7,24,214,27,167,20,1
West Virginia,Kanawha,380,10,31,13,326,"1,361",463,688,210,17
West Virginia,Marshall,9,0,0,0,9,67,25,35,7,0
West Virginia,Mineral,2,0,0,0,2,40,8,32,0,0
West Virginia,Monongalia,136,0,10,2,124,487,161,297,29,1
West Virginia,Morgan,59,0,4,2,53,71,15,50,6,0
West Virginia,Preston,10,1,3,3,3,133,2,119,12,0
West Virginia,Wirt,14,0,1,0,13,22,12,8,2,0
West Virginia,Wood,105,3,10,4,88,489,146,292,51,4
West Virginia,Calhoun,0,0,0,0,0,10,3,5,2,0
West Virginia,Doddridge,1,0,0,1,0,32,15,17,0,0
West Virginia,Greenbrier,14,1,2,1,10,63,26,32,5,1
West Virginia,Hardy,33,0,0,0,33,13,5,5,3,0
West Virginia,Lewis,3,0,0,1,2,22,10,6,6,0
West Virginia,Logan,131,1,4,0,126,4,0,4,0,3
West Virginia,McDowell,3,0,0,0,3,4,3,1,0,1
West Virginia,Mercer,83,4,8,10,61,306,106,163,37,7
West Virginia,Monroe,1,0,1,0,0,33,11,18,4,0
West Virginia,Nicholas,120,0,4,0,116,13,0,13,0,2
West Virginia,Randolph,80,0,4,0,76,174,66,102,6,3
West Virginia,Roane,4,0,0,0,4,2,0,2,0,1
West Virginia,Summers,10,0,0,0,10,25,3,17,5,0
West Virginia,Upshur,3,0,2,0,1,11,1,9,1,0
West Virginia,Wetzel,41,0,2,0,39,22,9,8,5,1
West Virginia,Wyoming,66,0,1,1,64,70,24,39,7,0
Wisconsin,Brown,83,1,28,3,51,623,36,557,30,2
Wisconsin,Calumet,10,0,4,0,6,74,12,53,9,0
Wisconsin,Chippewa,53,4,22,0,27,199,48,141,10,1
Wisconsin,Columbia,34,1,8,0,25,201,47,136,18,2
Wisconsin,Dane,98,0,20,5,73,684,181,453,50,2
Wisconsin,Douglas,15,0,5,2,8,156,45,99,12,0
Wisconsin,Eau Claire,29,0,16,0,13,192,65,108,19,1
Wisconsin,Fond du Lac,26,0,9,1,16,204,102,92,10,0
Wisconsin,Green6,7,0,3,0,4,56,8,45,3,0
Wisconsin,Iowa,8,0,1,0,7,43,11,31,1,0
Wisconsin,Kenosha,50,0,12,7,31,253,26,216,11,6
Wisconsin,Kewaunee,13,0,3,0,10,42,7,34,1,0
Wisconsin,La Crosse,15,0,2,0,13,126,39,78,9,0
Wisconsin,Lincoln,38,0,4,0,34,56,17,36,3,1
Wisconsin,Marathon6,41,0,8,4,29,319,45,264,10,0
Wisconsin,Milwaukee,107,2,7,5,93,92,0,68,24,1
Wisconsin,Oconto,19,0,4,1,14,212,80,124,8,0
Wisconsin,Outagamie,37,0,8,0,29,265,82,165,18,3
Wisconsin,Ozaukee,13,0,8,0,5,76,18,51,7,0
Wisconsin,Pierce,4,0,0,0,4,99,29,67,3,2
Wisconsin,Rock,56,0,16,4,36,244,57,163,24,1
Wisconsin,Sheboygan,27,0,4,1,22,271,22,233,16,1
Wisconsin,St. Croix,22,0,1,1,20,278,82,182,14,1
Wisconsin,Washington,7,0,5,1,1,192,37,148,7,0
Wisconsin,Waukesha,58,0,1,0,57,305,37,250,18,0
Wisconsin,Winnebago,18,0,3,1,14,155,45,97,13,0
Wisconsin,Adams,21,0,0,0,21,255,109,134,12,2
Wisconsin,Ashland,22,0,3,0,19,41,11,29,1,0
Wisconsin,Barron,20,1,13,0,6,127,35,83,9,2
Wisconsin,Bayfield,19,0,3,0,16,80,33,40,7,0
Wisconsin,Buffalo,4,0,1,0,3,6,1,3,2,0
Wisconsin,Burnett,20,0,4,0,16,237,78,144,15,3
Wisconsin,Clark,14,0,1,0,13,97,25,57,15,3
Wisconsin,Crawford,25,0,2,0,23,90,10,79,1,0
Wisconsin,Dodge,39,0,14,3,22,149,16,123,10,0
Wisconsin,Door,10,0,4,0,6,57,10,44,3,0
Wisconsin,Dunn,47,0,6,1,40,82,17,51,14,0
Wisconsin,Florence6,11,0,1,0,10,16,0,15,1,0
Wisconsin,Forest,8,0,2,0,6,52,9,37,6,2
Wisconsin,Grant,38,1,10,0,27,133,34,84,15,1
Wisconsin,Green Lake,4,0,2,0,2,49,4,41,4,0
Wisconsin,Iron,7,0,0,0,7,42,1,38,3,0
Wisconsin,Jackson,11,0,1,2,8,131,35,78,18,0
Wisconsin,Jefferson,35,0,1,2,32,231,58,162,11,0
Wisconsin,Juneau,50,1,10,0,39,141,49,83,9,0
Wisconsin,Manitowoc,32,0,1,0,31,131,35,91,5,0
Wisconsin,Marinette,10,1,4,2,3,198,81,105,12,1
Wisconsin,Marquette,9,1,1,1,6,69,10,57,2,1
Wisconsin,Monroe,30,0,0,0,30,101,26,59,16,1
Wisconsin,Oneida,28,0,7,0,21,150,37,107,6,1
Wisconsin,Pepin,6,0,4,0,2,30,7,23,0,0
Wisconsin,Polk,35,0,15,2,18,167,34,110,23,0
Wisconsin,Portage,40,0,10,0,30,138,56,75,7,1
Wisconsin,Price,4,0,0,0,4,73,33,38,2,0
Wisconsin,Rusk,13,0,4,1,8,44,14,27,3,0
Wisconsin,Sauk,27,2,13,4,8,304,103,181,20,0
Wisconsin,Sawyer,38,0,7,0,31,105,21,79,5,0
Wisconsin,Taylor,21,0,5,0,16,56,7,48,1,0
Wisconsin,Trempealeau,11,0,0,0,11,82,17,60,5,0
Wisconsin,Vernon,3,1,0,0,2,77,12,58,7,0
Wisconsin,Vilas,4,0,0,0,4,101,20,76,5,0
Wisconsin,Walworth,10,0,3,2,5,152,65,79,8,1
Wisconsin,Washburn,19,0,6,0,13,123,51,63,9,0
Wisconsin,Waupaca,52,0,8,0,44,298,58,221,19,0
Wisconsin,Waushara,36,1,3,1,31,158,42,102,14,1
Wisconsin,Wood,18,1,14,0,3,123,27,85,11,1
Wyoming,Natrona,48,0,10,2,36,145,50,79,16,1
Wyoming,Albany,6,0,1,0,5,28,4,22,2,0
Wyoming,Big Horn,3,0,2,0,1,20,3,16,1,1
Wyoming,Campbell,73,0,8,0,65,118,19,83,16,0
Wyoming,Carbon,9,0,1,0,8,38,4,33,1,0
Wyoming,Converse,11,0,0,0,11,34,1,32,1,0
Wyoming,Crook,4,0,1,0,3,17,2,14,1,0
Wyoming,Fremont,13,0,4,0,9,183,22,144,17,0
Wyoming,Goshen,10,0,1,0,9,27,9,16,2,0
Wyoming,Hot Springs,2,0,0,0,2,8,1,7,0,0
Wyoming,Johnson,4,0,1,0,3,22,5,13,4,0
Wyoming,Lincoln,16,0,7,0,9,119,37,77,5,1
Wyoming,Niobrara,4,0,0,0,4,10,2,8,0,0
Wyoming,Park6,13,0,8,0,5,67,20,43,4,1
Wyoming,Platte,0,0,0,0,0,44,8,32,4,0
Wyoming,Sheridan,3,0,0,0,3,47,7,31,9,0
Wyoming,Sublette,3,0,0,0,3,45,2,40,3,0
Wyoming,Sweetwater,16,0,4,0,12,83,16,58,9,1
Wyoming,Uinta,2,0,0,0,2,40,5,34,1,0
Wyoming,Washakie,2,0,1,0,1,22,3,13,6,0
Wyoming,Weston,0,0,0,0,0,1,0,0,1,0
1 The figures shown in this column for the offense of rape were reported using only the revised Uniform Crime Reporting (UCR) definition of rape. See the data declaration for further explanation. ,,,,,,,,,,,
2 The FBI does not publish arson data unless it receives data from either the agency or the state for all 12 months of the calendar year.,,,,,,,,,,,
3 Limited data for 2019 were available for Alabama. ,,,,,,,,,,,
"4 The FBI determined that the agency's data were overreported. Consequently, those data are not included in this table.",,,,,,,,,,,
5 The Tulare County Highway Patrol collects the motor vehicle thefts for this county. These data can be found in Table 11. ,,,,,,,,,,,
"6 Because of changes in the state/local agency's reporting practices, figures are not comparable to previous years' data. ",,,,,,,,,,,
"7 The FBI determined that the agency's data were underreported. Consequently, those data are not included in this table.",,,,,,,,,,,
"8 This agency submits rape data classified according to the legacy UCR definition; therefore, the rape offense and violent crime total, which rape is a part of, is not included in this table. See the data declaration for further explanation. ",,,,,,,,,,,
